model,feature,importance
LinearRegression,latitude,-0.17953800602754422
LinearRegression,longitude,-0.06069786562225454
LinearRegression,pm25_ugm3,39.299351959252185
LinearRegression,co_ppm,-0.16826811372112882
LinearRegression,no2_ppb,0.9281841342422861
LinearRegression,so2_ppb,0.14220432828155577
LinearRegression,o3_ppb,0.255455876435847
LinearRegression,temperature_c,2.0390198222294726
LinearRegression,relative_humidity,0.7233998757143085
LinearRegression,wind_speed_ms,-0.8206531323172352
LinearRegression,wind_direction_deg,-0.02014142192516566
LinearRegression,calibration_factor,0.4135435766517901
LinearRegression,pm25_ugm3_lag1,-0.2138432474617469
LinearRegression,pm25_ugm3_lag1,-0.21384324746174044
LinearRegression,pm25_ugm3_lag3,-0.02486022405101662
LinearRegression,pm25_ugm3_lag3,-0.024860224051009183
LinearRegression,pm25_ugm3_lag6,0.07340430206749193
LinearRegression,pm25_ugm3_lag6,0.0734043020675097
LinearRegression,pm25_ugm3_lag24,0.060192269037363744
LinearRegression,pm25_ugm3_lag24,0.06019226903735242
LinearRegression,co_ppm_lag1,-0.08623856907492233
LinearRegression,co_ppm_lag1,-0.08623856907494254
LinearRegression,co_ppm_lag3,-0.07540813384621775
LinearRegression,co_ppm_lag3,-0.07540813384624195
LinearRegression,co_ppm_lag6,-0.1444890885548205
LinearRegression,co_ppm_lag6,-0.14448908855481135
LinearRegression,co_ppm_lag24,-0.06173539019836183
LinearRegression,co_ppm_lag24,-0.06173539019835739
LinearRegression,no2_ppb_lag1,0.1576698948343832
LinearRegression,no2_ppb_lag1,0.15766989483438532
LinearRegression,no2_ppb_lag3,0.108879321896862
LinearRegression,no2_ppb_lag3,0.10887932189683802
LinearRegression,no2_ppb_lag6,-0.13746446398347967
LinearRegression,no2_ppb_lag6,-0.1374644639834952
LinearRegression,no2_ppb_lag24,-0.04077245976306454
LinearRegression,no2_ppb_lag24,-0.04077245976303434
LinearRegression,so2_ppb_lag1,-0.023045104954367623
LinearRegression,so2_ppb_lag1,-0.023045104954360962
LinearRegression,so2_ppb_lag3,0.07576414957096889
LinearRegression,so2_ppb_lag3,0.0757641495709569
LinearRegression,so2_ppb_lag6,0.13106382979839104
LinearRegression,so2_ppb_lag6,0.13106382979840758
LinearRegression,so2_ppb_lag24,-0.06965868609313586
LinearRegression,so2_ppb_lag24,-0.06965868609314807
LinearRegression,o3_ppb_lag1,0.060005703074200945
LinearRegression,o3_ppb_lag1,0.06000570307418496
LinearRegression,o3_ppb_lag3,0.06826155766715836
LinearRegression,o3_ppb_lag3,0.06826155766717656
LinearRegression,o3_ppb_lag6,-0.09170626957786077
LinearRegression,o3_ppb_lag6,-0.09170626957784878
LinearRegression,o3_ppb_lag24,-0.001580749432640749
LinearRegression,o3_ppb_lag24,-0.0015807494326467442
LinearRegression,temperature_c_lag1,-0.09443289798979104
LinearRegression,temperature_c_lag1,-0.09443289798978816
LinearRegression,temperature_c_lag3,0.004131877882727508
LinearRegression,temperature_c_lag3,0.004131877882698948
LinearRegression,temperature_c_lag6,-0.01728351644611159
LinearRegression,temperature_c_lag6,-0.01728351644611248
LinearRegression,temperature_c_lag24,0.0458770689635033
LinearRegression,temperature_c_lag24,0.04587706896350019
LinearRegression,relative_humidity_lag1,0.05223467154249306
LinearRegression,relative_humidity_lag1,0.05223467154249262
LinearRegression,relative_humidity_lag3,-0.15855737179355334
LinearRegression,relative_humidity_lag3,-0.15855737179355023
LinearRegression,relative_humidity_lag6,0.0015303212605390915
LinearRegression,relative_humidity_lag6,0.0015303212605408678
LinearRegression,relative_humidity_lag24,-0.03526038248580288
LinearRegression,relative_humidity_lag24,-0.035260382485800545
LinearRegression,wind_speed_ms_lag1,0.06712215287413786
LinearRegression,wind_speed_ms_lag1,0.0671221528741352
LinearRegression,wind_speed_ms_lag3,0.00353043275134457
LinearRegression,wind_speed_ms_lag3,0.003530432751344126
LinearRegression,wind_speed_ms_lag6,0.06557073539437774
LinearRegression,wind_speed_ms_lag6,0.06557073539438063
LinearRegression,wind_speed_ms_lag24,0.12065746531422222
LinearRegression,wind_speed_ms_lag24,0.12065746531422428
LinearRegression,wind_direction_deg_lag1,0.04243898094983467
LinearRegression,wind_direction_deg_lag1,0.042438980949830896
LinearRegression,wind_direction_deg_lag3,-0.06496984560298369
LinearRegression,wind_direction_deg_lag3,-0.06496984560298502
LinearRegression,wind_direction_deg_lag6,-0.08520811205475787
LinearRegression,wind_direction_deg_lag6,-0.08520811205475742
LinearRegression,wind_direction_deg_lag24,0.013036855606986864
LinearRegression,wind_direction_deg_lag24,0.013036855606984532
LinearRegression,pm25_ugm3_rollmean_3,0.22234805542679137
LinearRegression,pm25_ugm3_rollmean_3,0.22234805542679048
LinearRegression,pm25_ugm3_rollmean_6,0.00404403899667205
LinearRegression,pm25_ugm3_rollmean_6,0.004044038996665833
LinearRegression,pm25_ugm3_rollmean_24,-0.09074159285733652
LinearRegression,pm25_ugm3_rollmean_24,-0.0907415928573374
LinearRegression,co_ppm_rollmean_3,-0.0846682508029355
LinearRegression,co_ppm_rollmean_3,-0.08466825080293527
LinearRegression,co_ppm_rollmean_6,0.11133485599428639
LinearRegression,co_ppm_rollmean_6,0.11133485599428328
LinearRegression,co_ppm_rollmean_24,-0.10489196009874613
LinearRegression,co_ppm_rollmean_24,-0.10489196009873014
LinearRegression,no2_ppb_rollmean_3,0.22430324667100088
LinearRegression,no2_ppb_rollmean_3,0.2243032466710062
LinearRegression,no2_ppb_rollmean_6,-0.11468290632634481
LinearRegression,no2_ppb_rollmean_6,-0.11468290632633948
LinearRegression,no2_ppb_rollmean_24,-0.03796751377619989
LinearRegression,no2_ppb_rollmean_24,-0.037967513776194284
LinearRegression,so2_ppb_rollmean_3,0.11599345641672176
LinearRegression,so2_ppb_rollmean_3,0.11599345641672132
LinearRegression,so2_ppb_rollmean_6,-0.17636533832171875
LinearRegression,so2_ppb_rollmean_6,-0.1763653383217183
LinearRegression,so2_ppb_rollmean_24,-0.02860996038986885
LinearRegression,so2_ppb_rollmean_24,-0.02860996038987551
LinearRegression,o3_ppb_rollmean_3,-0.1641943650440152
LinearRegression,o3_ppb_rollmean_3,-0.16419436504401608
LinearRegression,o3_ppb_rollmean_6,0.46078877395555207
LinearRegression,o3_ppb_rollmean_6,0.4607887739555565
LinearRegression,o3_ppb_rollmean_24,0.09058519447242452
LinearRegression,o3_ppb_rollmean_24,0.09058519447242608
LinearRegression,temperature_c_x_relative_humidity,-0.4118908533231924
LinearRegression,temperature_c_x_relative_humidity,-0.4118908533231973
LinearRegression,pm25_ugm3_lag1,-0.21384324746173444
LinearRegression,pm25_ugm3_lag1,-0.2138432474617309
LinearRegression,pm25_ugm3_lag3,-0.024860224051024393
LinearRegression,pm25_ugm3_lag3,-0.02486022405101701
LinearRegression,pm25_ugm3_lag6,0.07340430206751059
LinearRegression,pm25_ugm3_lag6,0.07340430206750903
LinearRegression,pm25_ugm3_lag24,0.06019226903737129
LinearRegression,pm25_ugm3_lag24,0.06019226903735997
LinearRegression,co_ppm_lag1,-0.08623856907492833
LinearRegression,co_ppm_lag1,-0.0862385690749301
LinearRegression,co_ppm_lag3,-0.07540813384622269
LinearRegression,co_ppm_lag3,-0.07540813384622114
LinearRegression,co_ppm_lag6,-0.14448908855481601
LinearRegression,co_ppm_lag6,-0.14448908855481168
LinearRegression,co_ppm_lag24,-0.06173539019836083
LinearRegression,co_ppm_lag24,-0.06173539019836283
LinearRegression,no2_ppb_lag1,0.15766989483438143
LinearRegression,no2_ppb_lag1,0.15766989483438
LinearRegression,no2_ppb_lag3,0.10887932189684335
LinearRegression,no2_ppb_lag3,0.10887932189684602
LinearRegression,no2_ppb_lag6,-0.13746446398349166
LinearRegression,no2_ppb_lag6,-0.13746446398349477
LinearRegression,no2_ppb_lag24,-0.04077245976303967
LinearRegression,no2_ppb_lag24,-0.040772459763037006
LinearRegression,so2_ppb_lag1,-0.023045104954351636
LinearRegression,so2_ppb_lag1,-0.02304510495434764
LinearRegression,so2_ppb_lag3,0.07576414957096533
LinearRegression,so2_ppb_lag3,0.0757641495709589
LinearRegression,so2_ppb_lag6,0.13106382979840037
LinearRegression,so2_ppb_lag6,0.1310638297983998
LinearRegression,so2_ppb_lag24,-0.06965868609315296
LinearRegression,so2_ppb_lag24,-0.06965868609315096
LinearRegression,o3_ppb_lag1,0.060005703074176964
LinearRegression,o3_ppb_lag1,0.06000570307417519
LinearRegression,o3_ppb_lag3,0.0682615576671659
LinearRegression,o3_ppb_lag3,0.06826155766716502
LinearRegression,o3_ppb_lag6,-0.091706269577851
LinearRegression,o3_ppb_lag6,-0.09170626957784389
LinearRegression,o3_ppb_lag24,-0.0015807494326525173
LinearRegression,o3_ppb_lag24,-0.0015807494326449678
LinearRegression,temperature_c_lag1,-0.09443289798979304
LinearRegression,temperature_c_lag1,-0.09443289798979637
LinearRegression,temperature_c_lag3,0.0041318778827104385
LinearRegression,temperature_c_lag3,0.004131877882712354
LinearRegression,temperature_c_lag6,-0.017283516446105818
LinearRegression,temperature_c_lag6,-0.01728351644611026
LinearRegression,temperature_c_lag24,0.04587706896349397
LinearRegression,temperature_c_lag24,0.04587706896349841
LinearRegression,relative_humidity_lag1,0.05223467154249295
LinearRegression,relative_humidity_lag1,0.05223467154249262
LinearRegression,relative_humidity_lag3,-0.15855737179355245
LinearRegression,relative_humidity_lag3,-0.15855737179355245
LinearRegression,relative_humidity_lag6,0.0015303212605394245
LinearRegression,relative_humidity_lag6,0.001530321260537315
LinearRegression,relative_humidity_lag24,-0.03526038248579977
LinearRegression,relative_humidity_lag24,-0.035260382485797215
LinearRegression,wind_speed_ms_lag1,0.0671221528741397
LinearRegression,wind_speed_ms_lag1,0.06712215287413797
LinearRegression,wind_speed_ms_lag3,0.0035304327513387967
LinearRegression,wind_speed_ms_lag3,0.0035304327513413503
LinearRegression,wind_speed_ms_lag6,0.06557073539437752
LinearRegression,wind_speed_ms_lag6,0.06557073539437863
LinearRegression,wind_speed_ms_lag24,0.120657465314222
LinearRegression,wind_speed_ms_lag24,0.12065746531422267
LinearRegression,wind_direction_deg_lag1,0.04243898094983711
LinearRegression,wind_direction_deg_lag1,0.04243898094983578
LinearRegression,wind_direction_deg_lag3,-0.06496984560298547
LinearRegression,wind_direction_deg_lag3,-0.06496984560298436
LinearRegression,wind_direction_deg_lag6,-0.08520811205476075
LinearRegression,wind_direction_deg_lag6,-0.08520811205476209
LinearRegression,wind_direction_deg_lag24,0.013036855606987974
LinearRegression,wind_direction_deg_lag24,0.013036855606984976
LinearRegression,pm25_ugm3_rollmean_3,0.22234805542679403
LinearRegression,pm25_ugm3_rollmean_3,0.22234805542680025
LinearRegression,pm25_ugm3_rollmean_6,0.004044038996667609
LinearRegression,pm25_ugm3_rollmean_6,0.004044038996667609
LinearRegression,pm25_ugm3_rollmean_24,-0.09074159285734273
LinearRegression,pm25_ugm3_rollmean_24,-0.0907415928573383
LinearRegression,co_ppm_rollmean_3,-0.08466825080293772
LinearRegression,co_ppm_rollmean_3,-0.08466825080293461
LinearRegression,co_ppm_rollmean_6,0.11133485599428106
LinearRegression,co_ppm_rollmean_6,0.11133485599428372
LinearRegression,co_ppm_rollmean_24,-0.10489196009873547
LinearRegression,co_ppm_rollmean_24,-0.10489196009873902
LinearRegression,no2_ppb_rollmean_3,0.22430324667100532
LinearRegression,no2_ppb_rollmean_3,0.2243032466710133
LinearRegression,no2_ppb_rollmean_6,-0.11468290632633327
LinearRegression,no2_ppb_rollmean_6,-0.11468290632632971
LinearRegression,no2_ppb_rollmean_24,-0.037967513776201445
LinearRegression,no2_ppb_rollmean_24,-0.03796751377619706
LinearRegression,so2_ppb_rollmean_3,0.1159934564167231
LinearRegression,so2_ppb_rollmean_3,0.11599345641672043
LinearRegression,so2_ppb_rollmean_6,-0.1763653383217214
LinearRegression,so2_ppb_rollmean_6,-0.17636533832171786
LinearRegression,so2_ppb_rollmean_24,-0.028609960389873068
LinearRegression,so2_ppb_rollmean_24,-0.028609960389872624
LinearRegression,o3_ppb_rollmean_3,-0.16419436504402674
LinearRegression,o3_ppb_rollmean_3,-0.16419436504403473
LinearRegression,o3_ppb_rollmean_6,0.46078877395556717
LinearRegression,o3_ppb_rollmean_6,0.46078877395556894
LinearRegression,o3_ppb_rollmean_24,0.09058519447243207
LinearRegression,o3_ppb_rollmean_24,0.09058519447243019
LinearRegression,temperature_c_x_relative_humidity,-0.411890853323188
LinearRegression,temperature_c_x_relative_humidity,-0.41189085332318776
Ridge,latitude,-0.1795068298369805
Ridge,longitude,-0.06069919485061199
Ridge,pm25_ugm3,39.289888858532414
Ridge,co_ppm,-0.16813461003072175
Ridge,no2_ppb,0.9280185391101224
Ridge,so2_ppb,0.14210672619815934
Ridge,o3_ppb,0.25589076096047536
Ridge,temperature_c,2.0305710048570513
Ridge,relative_humidity,0.7151888819683797
Ridge,wind_speed_ms,-0.8206595381693481
Ridge,wind_direction_deg,-0.020254349404276114
Ridge,calibration_factor,0.41369528917599047
Ridge,pm25_ugm3_lag1,-0.2137950525317019
Ridge,pm25_ugm3_lag1,-0.21379505253142048
Ridge,pm25_ugm3_lag3,-0.024866475758326814
Ridge,pm25_ugm3_lag3,-0.024866475758623705
Ridge,pm25_ugm3_lag6,0.07337238814843357
Ridge,pm25_ugm3_lag6,0.07337238814716365
Ridge,pm25_ugm3_lag24,0.060267485237179085
Ridge,pm25_ugm3_lag24,0.06026748523716953
Ridge,co_ppm_lag1,-0.08631047551325026
Ridge,co_ppm_lag1,-0.0863104755132444
Ridge,co_ppm_lag3,-0.07542703277735355
Ridge,co_ppm_lag3,-0.07542703277674097
Ridge,co_ppm_lag6,-0.14445817512675702
Ridge,co_ppm_lag6,-0.144458175126567
Ridge,co_ppm_lag24,-0.06175431738878029
Ridge,co_ppm_lag24,-0.06175431738934138
Ridge,no2_ppb_lag1,0.15767771255424598
Ridge,no2_ppb_lag1,0.15767771256118496
Ridge,no2_ppb_lag3,0.1088314949132625
Ridge,no2_ppb_lag3,0.10883149491333241
Ridge,no2_ppb_lag6,-0.1374916534776766
Ridge,no2_ppb_lag6,-0.13749165347765652
Ridge,no2_ppb_lag24,-0.04055353479085081
Ridge,no2_ppb_lag24,-0.04055353479088692
Ridge,so2_ppb_lag1,-0.02308757525177494
Ridge,so2_ppb_lag1,-0.023087575252582565
Ridge,so2_ppb_lag3,0.07576543584085482
Ridge,so2_ppb_lag3,0.0757654358408674
Ridge,so2_ppb_lag6,0.13110588712001364
Ridge,so2_ppb_lag6,0.13110588712130272
Ridge,so2_ppb_lag24,-0.06965233328139694
Ridge,so2_ppb_lag24,-0.06965233328156836
Ridge,o3_ppb_lag1,0.059929852903875314
Ridge,o3_ppb_lag1,0.059929852900587985
Ridge,o3_ppb_lag3,0.06822331713405853
Ridge,o3_ppb_lag3,0.0682233171340126
Ridge,o3_ppb_lag6,-0.09161529423728398
Ridge,o3_ppb_lag6,-0.09161529423725599
Ridge,o3_ppb_lag24,-0.0014808099090047246
Ridge,o3_ppb_lag24,-0.0014808099089966933
Ridge,temperature_c_lag1,-0.09441927991228805
Ridge,temperature_c_lag1,-0.09441927991238927
Ridge,temperature_c_lag3,0.004155888794219818
Ridge,temperature_c_lag3,0.004155888795140875
Ridge,temperature_c_lag6,-0.017275519412013503
Ridge,temperature_c_lag6,-0.017275519411995188
Ridge,temperature_c_lag24,0.04575942438283302
Ridge,temperature_c_lag24,0.045759424383752106
Ridge,relative_humidity_lag1,0.05229372226238219
Ridge,relative_humidity_lag1,0.05229372226283029
Ridge,relative_humidity_lag3,-0.1585164452668407
Ridge,relative_humidity_lag3,-0.15851644526653338
Ridge,relative_humidity_lag6,0.0015251300150332444
Ridge,relative_humidity_lag6,0.001525130015485414
Ridge,relative_humidity_lag24,-0.035289552654359076
Ridge,relative_humidity_lag24,-0.03528955265441721
Ridge,wind_speed_ms_lag1,0.06710977597020398
Ridge,wind_speed_ms_lag1,0.06710977597004344
Ridge,wind_speed_ms_lag3,0.0035615220702042796
Ridge,wind_speed_ms_lag3,0.003561522069864522
Ridge,wind_speed_ms_lag6,0.06554712234511319
Ridge,wind_speed_ms_lag6,0.06554712234523387
Ridge,wind_speed_ms_lag24,0.12062171744419775
Ridge,wind_speed_ms_lag24,0.12062171744484879
Ridge,wind_direction_deg_lag1,0.0424087544058889
Ridge,wind_direction_deg_lag1,0.042408754403583514
Ridge,wind_direction_deg_lag3,-0.06495912262312795
Ridge,wind_direction_deg_lag3,-0.0649591226222721
Ridge,wind_direction_deg_lag6,-0.08515244162969149
Ridge,wind_direction_deg_lag6,-0.0851524416296536
Ridge,wind_direction_deg_lag24,0.012980535822070802
Ridge,wind_direction_deg_lag24,0.01298053582300495
Ridge,pm25_ugm3_rollmean_3,0.2223203717723334
Ridge,pm25_ugm3_rollmean_3,0.22232037177237754
Ridge,pm25_ugm3_rollmean_6,0.004125489578692035
Ridge,pm25_ugm3_rollmean_6,0.004125489578689547
Ridge,pm25_ugm3_rollmean_24,-0.09078071601008604
Ridge,pm25_ugm3_rollmean_24,-0.0907807160102172
Ridge,co_ppm_rollmean_3,-0.08456618590702092
Ridge,co_ppm_rollmean_3,-0.08456618590704805
Ridge,co_ppm_rollmean_6,0.11131124701316378
Ridge,co_ppm_rollmean_6,0.11131124701267169
Ridge,co_ppm_rollmean_24,-0.10489858486325856
Ridge,co_ppm_rollmean_24,-0.10489858486382365
Ridge,no2_ppb_rollmean_3,0.22432164401871013
Ridge,no2_ppb_rollmean_3,0.22432164401142649
Ridge,no2_ppb_rollmean_6,-0.11448166615527279
Ridge,no2_ppb_rollmean_6,-0.11448166615528674
Ridge,no2_ppb_rollmean_24,-0.0380436922095253
Ridge,no2_ppb_rollmean_24,-0.03804369220950541
Ridge,so2_ppb_rollmean_3,0.11597613817756697
Ridge,so2_ppb_rollmean_3,0.11597613817758
Ridge,so2_ppb_rollmean_6,-0.17642347372074477
Ridge,so2_ppb_rollmean_6,-0.176423473720652
Ridge,so2_ppb_rollmean_24,-0.02854580135031123
Ridge,so2_ppb_rollmean_24,-0.02854580135006809
Ridge,o3_ppb_rollmean_3,-0.16382807114323955
Ridge,o3_ppb_rollmean_3,-0.16382807114328285
Ridge,o3_ppb_rollmean_6,0.46068786944047396
Ridge,o3_ppb_rollmean_6,0.4606878694477086
Ridge,o3_ppb_rollmean_24,0.09064103192949213
Ridge,o3_ppb_rollmean_24,0.09064103193323325
Ridge,temperature_c_x_relative_humidity,-0.4088153787738325
Ridge,temperature_c_x_relative_humidity,-0.40881537877385743
Ridge,pm25_ugm3_lag1,-0.21379505253226005
Ridge,pm25_ugm3_lag1,-0.21379505252862227
Ridge,pm25_ugm3_lag3,-0.024866475751531215
Ridge,pm25_ugm3_lag3,-0.02486647574789327
Ridge,pm25_ugm3_lag6,0.07337238814712946
Ridge,pm25_ugm3_lag6,0.0733723881471295
Ridge,pm25_ugm3_lag24,0.06026748523900634
Ridge,pm25_ugm3_lag24,0.060267485239006324
Ridge,co_ppm_lag1,-0.0863104755137589
Ridge,co_ppm_lag1,-0.08631047551375895
Ridge,co_ppm_lag3,-0.07542703277594175
Ridge,co_ppm_lag3,-0.07542703277548701
Ridge,co_ppm_lag6,-0.1444581751251552
Ridge,co_ppm_lag6,-0.14445817512560988
Ridge,co_ppm_lag24,-0.06175431738935548
Ridge,co_ppm_lag24,-0.0617543173898102
Ridge,no2_ppb_lag1,0.15767771254033067
Ridge,no2_ppb_lag1,0.15767771254033067
Ridge,no2_ppb_lag3,0.10883149491667463
Ridge,no2_ppb_lag3,0.10883149491667461
Ridge,no2_ppb_lag6,-0.137491653477287
Ridge,no2_ppb_lag6,-0.13749165347728673
Ridge,no2_ppb_lag24,-0.040553534800436934
Ridge,no2_ppb_lag24,-0.04055353480043693
Ridge,so2_ppb_lag1,-0.023087575251393502
Ridge,so2_ppb_lag1,-0.023087575251393485
Ridge,so2_ppb_lag3,0.07576543584043648
Ridge,so2_ppb_lag3,0.07576543584020905
Ridge,so2_ppb_lag6,0.13110588711839397
Ridge,so2_ppb_lag6,0.13110588711862137
Ridge,so2_ppb_lag24,-0.06965233328108324
Ridge,so2_ppb_lag24,-0.06965233328108329
Ridge,o3_ppb_lag1,0.0599298529047576
Ridge,o3_ppb_lag1,0.05992985290839559
Ridge,o3_ppb_lag3,0.06822331713436405
Ridge,o3_ppb_lag3,0.06822331713436404
Ridge,o3_ppb_lag6,-0.09161529423191445
Ridge,o3_ppb_lag6,-0.0916152942319147
Ridge,o3_ppb_lag24,-0.001480809921077468
Ridge,o3_ppb_lag24,-0.0014808099210774665
Ridge,temperature_c_lag1,-0.09441927991197438
Ridge,temperature_c_lag1,-0.09441927991174699
Ridge,temperature_c_lag3,0.004155888794648643
Ridge,temperature_c_lag3,0.004155888794648645
Ridge,temperature_c_lag6,-0.017275519412344002
Ridge,temperature_c_lag6,-0.017275519412571376
Ridge,temperature_c_lag24,0.04575942438105925
Ridge,temperature_c_lag24,0.04575942438105924
Ridge,relative_humidity_lag1,0.052293722261642674
Ridge,relative_humidity_lag1,0.05229372226209742
Ridge,relative_humidity_lag3,-0.1585164452674605
Ridge,relative_humidity_lag3,-0.15851644526837005
Ridge,relative_humidity_lag6,0.0015251300162185738
Ridge,relative_humidity_lag6,0.0015251300157638264
Ridge,relative_humidity_lag24,-0.03528955265414972
Ridge,relative_humidity_lag24,-0.03528955265369497
Ridge,wind_speed_ms_lag1,0.06710977596935075
Ridge,wind_speed_ms_lag1,0.06710977596935075
Ridge,wind_speed_ms_lag3,0.0035615220700637605
Ridge,wind_speed_ms_lag3,0.0035615220705185074
Ridge,wind_speed_ms_lag6,0.06554712234528878
Ridge,wind_speed_ms_lag6,0.06554712234528877
Ridge,wind_speed_ms_lag24,0.12062171744421019
Ridge,wind_speed_ms_lag24,0.12062171744421017
Ridge,wind_direction_deg_lag1,0.04240875440468683
Ridge,wind_direction_deg_lag1,0.04240875440514158
Ridge,wind_direction_deg_lag3,-0.06495912262203833
Ridge,wind_direction_deg_lag3,-0.06495912262181097
Ridge,wind_direction_deg_lag6,-0.08515244162930176
Ridge,wind_direction_deg_lag6,-0.08515244162930174
Ridge,wind_direction_deg_lag24,0.012980535822082688
Ridge,wind_direction_deg_lag24,0.012980535821173195
Ridge,pm25_ugm3_rollmean_3,0.22232037177111894
Ridge,pm25_ugm3_rollmean_3,0.22232037177111902
Ridge,pm25_ugm3_rollmean_6,0.004125489577098872
Ridge,pm25_ugm3_rollmean_6,0.004125489577098873
Ridge,pm25_ugm3_rollmean_24,-0.09078071600937752
Ridge,pm25_ugm3_rollmean_24,-0.09078071600937754
Ridge,co_ppm_rollmean_3,-0.08456618590623778
Ridge,co_ppm_rollmean_3,-0.08456618590714729
Ridge,co_ppm_rollmean_6,0.1113112470130167
Ridge,co_ppm_rollmean_6,0.11131124701392624
Ridge,co_ppm_rollmean_24,-0.1048985848629566
Ridge,co_ppm_rollmean_24,-0.10489858486386607
Ridge,no2_ppb_rollmean_3,0.2243216440097105
Ridge,no2_ppb_rollmean_3,0.2243216440024345
Ridge,no2_ppb_rollmean_6,-0.11448166615786529
Ridge,no2_ppb_rollmean_6,-0.11448166615786533
Ridge,no2_ppb_rollmean_24,-0.03804369220587685
Ridge,no2_ppb_rollmean_24,-0.03804369220678635
Ridge,so2_ppb_rollmean_3,0.11597613817663507
Ridge,so2_ppb_rollmean_3,0.11597613817663506
Ridge,so2_ppb_rollmean_6,-0.17642347373043907
Ridge,so2_ppb_rollmean_6,-0.17642347373043912
Ridge,so2_ppb_rollmean_24,-0.028545801352766874
Ridge,so2_ppb_rollmean_24,-0.028545801352766853
Ridge,o3_ppb_rollmean_3,-0.16382807112570902
Ridge,o3_ppb_rollmean_3,-0.16382807112570894
Ridge,o3_ppb_rollmean_6,0.4606878694218428
Ridge,o3_ppb_rollmean_6,0.46068786942184276
Ridge,o3_ppb_rollmean_24,0.0906410319288395
Ridge,o3_ppb_rollmean_24,0.09064103192520155
Ridge,temperature_c_x_relative_humidity,-0.40881537879653596
Ridge,temperature_c_x_relative_humidity,-0.408815378794717
Lasso,latitude,-0.170655174504086
Lasso,longitude,-0.052807392988965356
Lasso,pm25_ugm3,39.29119274211955
Lasso,co_ppm,-0.15488835650006197
Lasso,no2_ppb,0.9179597082663637
Lasso,so2_ppb,0.12833050841606264
Lasso,o3_ppb,0.24828947206554994
Lasso,temperature_c,1.6309935353925884
Lasso,relative_humidity,0.34060537262326757
Lasso,wind_speed_ms,-0.8120849808261495
Lasso,wind_direction_deg,-0.011396161092004753
Lasso,calibration_factor,0.40381451606498314
Lasso,pm25_ugm3_lag1,-0.0
Lasso,pm25_ugm3_lag1,-0.0
Lasso,pm25_ugm3_lag3,-0.0
Lasso,pm25_ugm3_lag3,-0.0
Lasso,pm25_ugm3_lag6,0.2798179632528085
Lasso,pm25_ugm3_lag6,0.0
Lasso,pm25_ugm3_lag24,0.22645324405522288
Lasso,pm25_ugm3_lag24,0.0
Lasso,co_ppm_lag1,-0.33037572714651553
Lasso,co_ppm_lag1,-1.4166633340226939e-15
Lasso,co_ppm_lag3,-0.289318654545652
Lasso,co_ppm_lag3,-2.4795556682448485e-16
Lasso,co_ppm_lag6,-0.4832988351962263
Lasso,co_ppm_lag6,-0.0
Lasso,co_ppm_lag24,-0.23464804680747148
Lasso,co_ppm_lag24,-5.575051916499562e-16
Lasso,no2_ppb_lag1,0.618123801146048
Lasso,no2_ppb_lag1,0.0
Lasso,no2_ppb_lag3,0.4171174733683294
Lasso,no2_ppb_lag3,1.5177407625371334e-15
Lasso,no2_ppb_lag6,-0.3179982416665088
Lasso,no2_ppb_lag6,-0.0
Lasso,no2_ppb_lag24,-0.00029531729845014314
Lasso,no2_ppb_lag24,-2.669075846709423e-16
Lasso,so2_ppb_lag1,-0.06940873438233523
Lasso,so2_ppb_lag1,-0.0
Lasso,so2_ppb_lag3,0.1861421587575667
Lasso,so2_ppb_lag3,1.5319547759219763e-16
Lasso,so2_ppb_lag6,0.3284263815720528
Lasso,so2_ppb_lag6,2.684869194914804e-17
Lasso,so2_ppb_lag24,-0.25426603915690604
Lasso,so2_ppb_lag24,-0.0
Lasso,o3_ppb_lag1,0.16657951297905613
Lasso,o3_ppb_lag1,7.596600486788358e-16
Lasso,o3_ppb_lag3,0.2094666665159419
Lasso,o3_ppb_lag3,4.777487832127813e-15
Lasso,o3_ppb_lag6,-0.0
Lasso,o3_ppb_lag6,-0.0
Lasso,o3_ppb_lag24,0.0
Lasso,o3_ppb_lag24,0.0
Lasso,temperature_c_lag1,-0.23611336844172204
Lasso,temperature_c_lag1,-9.618149057077152e-16
Lasso,temperature_c_lag3,0.001047235084821176
Lasso,temperature_c_lag3,7.738740620636788e-17
Lasso,temperature_c_lag6,-0.0625764181413758
Lasso,temperature_c_lag6,-3.806196917496869e-16
Lasso,temperature_c_lag24,0.14722700722035878
Lasso,temperature_c_lag24,0.0
Lasso,relative_humidity_lag1,0.1979158974294057
Lasso,relative_humidity_lag1,0.0
Lasso,relative_humidity_lag3,-0.5987754435001876
Lasso,relative_humidity_lag3,-1.871511762337672e-15
Lasso,relative_humidity_lag6,0.0
Lasso,relative_humidity_lag6,0.0
Lasso,relative_humidity_lag24,-0.13385299403736287
Lasso,relative_humidity_lag24,-2.0373419184941748e-16
Lasso,wind_speed_ms_lag1,0.16017038404599865
Lasso,wind_speed_ms_lag1,0.0
Lasso,wind_speed_ms_lag3,0.0
Lasso,wind_speed_ms_lag3,0.0
Lasso,wind_speed_ms_lag6,0.24687555219374824
Lasso,wind_speed_ms_lag6,9.002208477067284e-17
Lasso,wind_speed_ms_lag24,0.47184577917816395
Lasso,wind_speed_ms_lag24,0.0
Lasso,wind_direction_deg_lag1,0.1309333405280763
Lasso,wind_direction_deg_lag1,1.026567633349778e-16
Lasso,wind_direction_deg_lag3,-0.25114435095152277
Lasso,wind_direction_deg_lag3,-7.596600486788358e-16
Lasso,wind_direction_deg_lag6,-0.3230781881136418
Lasso,wind_direction_deg_lag6,-0.0
Lasso,wind_direction_deg_lag24,0.019750075841161473
Lasso,wind_direction_deg_lag24,2.290035489780274e-16
Lasso,pm25_ugm3_rollmean_3,0.6603633134782826
Lasso,pm25_ugm3_rollmean_3,4.564277631355167e-16
Lasso,pm25_ugm3_rollmean_6,0.009214612637036303
Lasso,pm25_ugm3_rollmean_6,0.0
Lasso,pm25_ugm3_rollmean_24,-0.2948122678278855
Lasso,pm25_ugm3_rollmean_24,-0.0
Lasso,co_ppm_rollmean_3,-0.2266649242173481
Lasso,co_ppm_rollmean_3,-6.080439059071763e-16
Lasso,co_ppm_rollmean_6,0.20543641787028816
Lasso,co_ppm_rollmean_6,8.101987629360553e-16
Lasso,co_ppm_rollmean_24,-0.30251680116191976
Lasso,co_ppm_rollmean_24,-0.0
Lasso,no2_ppb_rollmean_3,0.8005504134126338
Lasso,no2_ppb_rollmean_3,0.0
Lasso,no2_ppb_rollmean_6,-0.2208432137897206
Lasso,no2_ppb_rollmean_6,-3.3008097749246707e-16
Lasso,no2_ppb_rollmean_24,-0.10532373279227701
Lasso,no2_ppb_rollmean_24,-0.0
Lasso,so2_ppb_rollmean_3,0.13959221640396777
Lasso,so2_ppb_rollmean_3,0.0
Lasso,so2_ppb_rollmean_6,-0.396173601847214
Lasso,so2_ppb_rollmean_6,-5.211804907775795e-17
Lasso,so2_ppb_rollmean_24,-0.07494181721442174
Lasso,so2_ppb_rollmean_24,-0.0
Lasso,o3_ppb_rollmean_3,-0.0
Lasso,o3_ppb_rollmean_3,-0.0
Lasso,o3_ppb_rollmean_6,0.9564154314669188
Lasso,o3_ppb_rollmean_6,0.0
Lasso,o3_ppb_rollmean_24,0.3054300461336651
Lasso,o3_ppb_rollmean_24,1.7846483472080757e-16
Lasso,temperature_c_x_relative_humidity,-1.0741417786097176
Lasso,temperature_c_x_relative_humidity,-3.048116203638572e-16
Lasso,pm25_ugm3_lag1,-0.8062334590398472
Lasso,pm25_ugm3_lag1,-6.333132630357861e-16
Lasso,pm25_ugm3_lag3,-0.046386848800352244
Lasso,pm25_ugm3_lag3,-4.943317988284316e-16
Lasso,pm25_ugm3_lag6,0.0
Lasso,pm25_ugm3_lag6,0.0
Lasso,pm25_ugm3_lag24,0.006481781153648756
Lasso,pm25_ugm3_lag24,5.954092273428712e-16
Lasso,co_ppm_lag1,-0.0012379781836528853
Lasso,co_ppm_lag1,-0.0
Lasso,co_ppm_lag3,-0.003136604858149724
Lasso,co_ppm_lag3,-1.57933482053812e-18
Lasso,co_ppm_lag6,-0.05760691312085639
Lasso,co_ppm_lag6,-0.0
Lasso,co_ppm_lag24,-0.002657947906255929
Lasso,co_ppm_lag24,-1.5793348205381194e-18
Lasso,no2_ppb_lag1,0.00019002052996013442
Lasso,no2_ppb_lag1,3.806196917496869e-16
Lasso,no2_ppb_lag3,0.0
Lasso,no2_ppb_lag3,0.0
Lasso,no2_ppb_lag6,-0.264208085283621
Lasso,no2_ppb_lag6,-1.2792612046358772e-16
Lasso,no2_ppb_lag24,-0.13642098040535627
Lasso,no2_ppb_lag24,-1.2587298519688817e-15
Lasso,so2_ppb_lag1,-0.0
Lasso,so2_ppb_lag1,-0.0
Lasso,so2_ppb_lag3,0.11759364400666235
Lasso,so2_ppb_lag3,0.0
Lasso,so2_ppb_lag6,0.16178890930445075
Lasso,so2_ppb_lag6,1.57933482053812e-18
Lasso,so2_ppb_lag24,-0.016985864188572963
Lasso,so2_ppb_lag24,-4.1220638816044915e-16
Lasso,o3_ppb_lag1,0.0
Lasso,o3_ppb_lag1,0.0
Lasso,o3_ppb_lag3,0.0
Lasso,o3_ppb_lag3,0.0
Lasso,o3_ppb_lag6,-0.31230920555051095
Lasso,o3_ppb_lag6,-1.7846483472080757e-16
Lasso,o3_ppb_lag24,0.0
Lasso,o3_ppb_lag24,0.0
Lasso,temperature_c_lag1,-0.126478379386479
Lasso,temperature_c_lag1,-0.0
Lasso,temperature_c_lag3,0.0
Lasso,temperature_c_lag3,0.0
Lasso,temperature_c_lag6,-0.00011328000578887788
Lasso,temperature_c_lag6,-0.0
Lasso,temperature_c_lag24,0.021312102179403745
Lasso,temperature_c_lag24,0.0
Lasso,relative_humidity_lag1,0.0012713744558393043
Lasso,relative_humidity_lag1,1.7530616507973131e-16
Lasso,relative_humidity_lag3,-0.024637054016446336
Lasso,relative_humidity_lag3,-3.55350334621077e-16
Lasso,relative_humidity_lag6,0.0
Lasso,relative_humidity_lag6,0.0
Lasso,relative_humidity_lag24,-0.0
Lasso,relative_humidity_lag24,-0.0
Lasso,wind_speed_ms_lag1,0.10031736844352324
Lasso,wind_speed_ms_lag1,2.4163822754233224e-16
Lasso,wind_speed_ms_lag3,0.002946382597791253
Lasso,wind_speed_ms_lag3,0.0
Lasso,wind_speed_ms_lag6,0.0038143787305342843
Lasso,wind_speed_ms_lag6,4.580070979560548e-17
Lasso,wind_speed_ms_lag24,0.00028142890713811497
Lasso,wind_speed_ms_lag24,0.0
Lasso,wind_direction_deg_lag1,0.028347219876466836
Lasso,wind_direction_deg_lag1,2.0373419184941748e-16
Lasso,wind_direction_deg_lag3,-0.0
Lasso,wind_direction_deg_lag3,-0.0
Lasso,wind_direction_deg_lag6,-0.008106166784395557
Lasso,wind_direction_deg_lag6,-2.6848691949148034e-17
Lasso,wind_direction_deg_lag24,0.022510507943972757
Lasso,wind_direction_deg_lag24,0.0
Lasso,pm25_ugm3_rollmean_3,0.15186829462408133
Lasso,pm25_ugm3_rollmean_3,6.622150902516337e-15
Lasso,pm25_ugm3_rollmean_6,0.0
Lasso,pm25_ugm3_rollmean_6,0.0
Lasso,pm25_ugm3_rollmean_24,-0.043323441388445516
Lasso,pm25_ugm3_rollmean_24,-0.0
Lasso,co_ppm_rollmean_3,-0.07154185654602424
Lasso,co_ppm_rollmean_3,-0.0
Lasso,co_ppm_rollmean_6,0.17170072021484234
Lasso,co_ppm_rollmean_6,7.738740620636787e-17
Lasso,co_ppm_rollmean_24,-0.10410423237541307
Lasso,co_ppm_rollmean_24,-2.542729061066373e-16
Lasso,no2_ppb_rollmean_3,0.0
Lasso,no2_ppb_rollmean_3,0.0
Lasso,no2_ppb_rollmean_6,-0.08213744749267046
Lasso,no2_ppb_rollmean_6,-3.488750618568707e-15
Lasso,no2_ppb_rollmean_24,-0.04818955791829161
Lasso,no2_ppb_rollmean_24,-7.738740620636788e-17
Lasso,so2_ppb_rollmean_3,0.2475028803228807
Lasso,so2_ppb_rollmean_3,5.196011559570415e-16
Lasso,so2_ppb_rollmean_6,-0.23978719971728338
Lasso,so2_ppb_rollmean_6,-9.002208477067282e-17
Lasso,so2_ppb_rollmean_24,-0.03728328323590178
Lasso,so2_ppb_rollmean_24,-0.0
Lasso,o3_ppb_rollmean_3,-0.42644939493432343
Lasso,o3_ppb_rollmean_3,-2.0373419184941748e-16
Lasso,o3_ppb_rollmean_6,0.7322904203499513
Lasso,o3_ppb_rollmean_6,0.0
Lasso,o3_ppb_rollmean_24,0.042006540605712225
Lasso,o3_ppb_rollmean_24,5.211804907775796e-17
Lasso,temperature_c_x_relative_humidity,-0.016790247221115044
Lasso,temperature_c_x_relative_humidity,-2.290035489780274e-16
SVR_rbf,latitude,3.974362541014909e-06
SVR_rbf,longitude,-0.0001134642691796417
SVR_rbf,pm25_ugm3,0.12271377918665541
SVR_rbf,co_ppm,0.00011533979385198734
SVR_rbf,no2_ppb,0.0017011369381424001
SVR_rbf,so2_ppb,7.31262550242695e-05
SVR_rbf,o3_ppb,0.0018304063444705809
SVR_rbf,temperature_c,0.0013302089172441578
SVR_rbf,relative_humidity,0.00030192909115003277
SVR_rbf,wind_speed_ms,0.0005686105183624113
SVR_rbf,wind_direction_deg,3.75729020709592e-05
SVR_rbf,calibration_factor,-0.00030129224814432474
SVR_rbf,pm25_ugm3_lag1,0.00014400016966477082
SVR_rbf,pm25_ugm3_lag1,0.0001440001696647486
SVR_rbf,pm25_ugm3_lag3,0.00023922727692330393
SVR_rbf,pm25_ugm3_lag3,0.00023922727692332613
SVR_rbf,pm25_ugm3_lag6,-1.3032380445410218e-05
SVR_rbf,pm25_ugm3_lag6,-1.3032380445376913e-05
SVR_rbf,pm25_ugm3_lag24,0.00017087458187683424
SVR_rbf,pm25_ugm3_lag24,0.00017087458187685644
SVR_rbf,co_ppm_lag1,0.0003201152274246444
SVR_rbf,co_ppm_lag1,0.00032011522742467766
SVR_rbf,co_ppm_lag3,9.385129016287186e-05
SVR_rbf,co_ppm_lag3,9.385129016290517e-05
SVR_rbf,co_ppm_lag6,0.00016346185305480266
SVR_rbf,co_ppm_lag6,0.00016346185305478046
SVR_rbf,co_ppm_lag24,-4.683216991352435e-06
SVR_rbf,co_ppm_lag24,-4.683216991352435e-06
SVR_rbf,no2_ppb_lag1,0.0005853265127134466
SVR_rbf,no2_ppb_lag1,0.0005853265127134244
SVR_rbf,no2_ppb_lag3,0.0003204765944620824
SVR_rbf,no2_ppb_lag3,0.0003204765944620935
SVR_rbf,no2_ppb_lag6,0.00012492326671293964
SVR_rbf,no2_ppb_lag6,0.00012492326671293964
SVR_rbf,no2_ppb_lag24,0.0007607552738881695
SVR_rbf,no2_ppb_lag24,0.0007607552738881473
SVR_rbf,so2_ppb_lag1,0.0001632986474175424
SVR_rbf,so2_ppb_lag1,0.0001632986474175313
SVR_rbf,so2_ppb_lag3,0.00030452837271456313
SVR_rbf,so2_ppb_lag3,0.00030452837271457425
SVR_rbf,so2_ppb_lag6,0.0003990480703865096
SVR_rbf,so2_ppb_lag6,0.0003990480703865096
SVR_rbf,so2_ppb_lag24,-3.837780387808687e-05
SVR_rbf,so2_ppb_lag24,-3.837780387808687e-05
SVR_rbf,o3_ppb_lag1,0.0005510048866865014
SVR_rbf,o3_ppb_lag1,0.0005510048866865014
SVR_rbf,o3_ppb_lag3,0.0005084594137198528
SVR_rbf,o3_ppb_lag3,0.0005084594137198195
SVR_rbf,o3_ppb_lag6,8.54880342720965e-05
SVR_rbf,o3_ppb_lag6,8.54880342720965e-05
SVR_rbf,o3_ppb_lag24,0.0007239739116096433
SVR_rbf,o3_ppb_lag24,0.0007239739116096433
SVR_rbf,temperature_c_lag1,0.0002240379979920326
SVR_rbf,temperature_c_lag1,0.0002240379979920326
SVR_rbf,temperature_c_lag3,2.4775980987645773e-05
SVR_rbf,temperature_c_lag3,2.4775980987612468e-05
SVR_rbf,temperature_c_lag6,-0.00013291032608518937
SVR_rbf,temperature_c_lag6,-0.00013291032608518937
SVR_rbf,temperature_c_lag24,0.00032921955751396
SVR_rbf,temperature_c_lag24,0.0003292195575139489
SVR_rbf,relative_humidity_lag1,2.6165746889417197e-05
SVR_rbf,relative_humidity_lag1,2.61657468894394e-05
SVR_rbf,relative_humidity_lag3,-0.0001429648045072396
SVR_rbf,relative_humidity_lag3,-0.0001429648045072396
SVR_rbf,relative_humidity_lag6,3.117107705792321e-05
SVR_rbf,relative_humidity_lag6,3.117107705793432e-05
SVR_rbf,relative_humidity_lag24,5.9200506233725304e-05
SVR_rbf,relative_humidity_lag24,5.9200506233736404e-05
SVR_rbf,wind_speed_ms_lag1,5.6207408437480845e-06
SVR_rbf,wind_speed_ms_lag1,5.6207408437480845e-06
SVR_rbf,wind_speed_ms_lag3,-9.2086027688143e-05
SVR_rbf,wind_speed_ms_lag3,-9.208602768816521e-05
SVR_rbf,wind_speed_ms_lag6,-9.962807862127221e-05
SVR_rbf,wind_speed_ms_lag6,-9.962807862127221e-05
SVR_rbf,wind_speed_ms_lag24,-0.00018549078104925786
SVR_rbf,wind_speed_ms_lag24,-0.00018549078104925786
SVR_rbf,wind_direction_deg_lag1,7.088305082608715e-05
SVR_rbf,wind_direction_deg_lag1,7.088305082609825e-05
SVR_rbf,wind_direction_deg_lag3,4.4831059719696587e-05
SVR_rbf,wind_direction_deg_lag3,4.483105971968549e-05
SVR_rbf,wind_direction_deg_lag6,7.681926252577354e-05
SVR_rbf,wind_direction_deg_lag6,7.681926252580684e-05
SVR_rbf,wind_direction_deg_lag24,5.902931343639839e-05
SVR_rbf,wind_direction_deg_lag24,5.902931343639839e-05
SVR_rbf,pm25_ugm3_rollmean_3,0.0002111150332943179
SVR_rbf,pm25_ugm3_rollmean_3,0.0002111150332942846
SVR_rbf,pm25_ugm3_rollmean_6,7.389288088782697e-05
SVR_rbf,pm25_ugm3_rollmean_6,7.389288088784917e-05
SVR_rbf,pm25_ugm3_rollmean_24,4.2368775969414685e-05
SVR_rbf,pm25_ugm3_rollmean_24,4.2368775969403585e-05
SVR_rbf,co_ppm_rollmean_3,0.0001613726853209041
SVR_rbf,co_ppm_rollmean_3,0.0001613726853208819
SVR_rbf,co_ppm_rollmean_6,0.00021729307921767305
SVR_rbf,co_ppm_rollmean_6,0.00021729307921769525
SVR_rbf,co_ppm_rollmean_24,8.109671357617865e-05
SVR_rbf,co_ppm_rollmean_24,8.109671357617865e-05
SVR_rbf,no2_ppb_rollmean_3,0.000730194274169238
SVR_rbf,no2_ppb_rollmean_3,0.0007301942741692491
SVR_rbf,no2_ppb_rollmean_6,0.00016237553735084508
SVR_rbf,no2_ppb_rollmean_6,0.000162375537350834
SVR_rbf,no2_ppb_rollmean_24,-1.6589271642653002e-05
SVR_rbf,no2_ppb_rollmean_24,-1.6589271642653002e-05
SVR_rbf,so2_ppb_rollmean_3,0.00022138929997851388
SVR_rbf,so2_ppb_rollmean_3,0.00022138929997851388
SVR_rbf,so2_ppb_rollmean_6,3.351615933698815e-05
SVR_rbf,so2_ppb_rollmean_6,3.351615933702146e-05
SVR_rbf,so2_ppb_rollmean_24,7.533356887203801e-05
SVR_rbf,so2_ppb_rollmean_24,7.533356887206022e-05
SVR_rbf,o3_ppb_rollmean_3,0.001168803971242649
SVR_rbf,o3_ppb_rollmean_3,0.00116880397124266
SVR_rbf,o3_ppb_rollmean_6,0.001183763403039917
SVR_rbf,o3_ppb_rollmean_6,0.001183763403039939
SVR_rbf,o3_ppb_rollmean_24,-4.160107494519671e-05
SVR_rbf,o3_ppb_rollmean_24,-4.160107494515231e-05
SVR_rbf,temperature_c_x_relative_humidity,0.00013681079372980244
SVR_rbf,temperature_c_x_relative_humidity,0.0001368107937297802
SVR_rbf,pm25_ugm3_lag1,0.0001440001696647597
SVR_rbf,pm25_ugm3_lag1,0.0001440001696647375
SVR_rbf,pm25_ugm3_lag3,0.00023922727692332613
SVR_rbf,pm25_ugm3_lag3,0.00023922727692332613
SVR_rbf,pm25_ugm3_lag6,-1.3032380445421321e-05
SVR_rbf,pm25_ugm3_lag6,-1.303238044536581e-05
SVR_rbf,pm25_ugm3_lag24,0.00017087458187683424
SVR_rbf,pm25_ugm3_lag24,0.00017087458187683424
SVR_rbf,co_ppm_lag1,0.00032011522742463326
SVR_rbf,co_ppm_lag1,0.0003201152274246555
SVR_rbf,co_ppm_lag3,9.385129016289406e-05
SVR_rbf,co_ppm_lag3,9.385129016284966e-05
SVR_rbf,co_ppm_lag6,0.00016346185305478046
SVR_rbf,co_ppm_lag6,0.00016346185305479155
SVR_rbf,co_ppm_lag24,-4.683216991352435e-06
SVR_rbf,co_ppm_lag24,-4.683216991319128e-06
SVR_rbf,no2_ppb_lag1,0.0005853265127134577
SVR_rbf,no2_ppb_lag1,0.0005853265127134244
SVR_rbf,no2_ppb_lag3,0.0003204765944620935
SVR_rbf,no2_ppb_lag3,0.00032047659446207135
SVR_rbf,no2_ppb_lag6,0.00012492326671296184
SVR_rbf,no2_ppb_lag6,0.00012492326671296184
SVR_rbf,no2_ppb_lag24,0.0007607552738881695
SVR_rbf,no2_ppb_lag24,0.0007607552738881695
SVR_rbf,so2_ppb_lag1,0.0001632986474175424
SVR_rbf,so2_ppb_lag1,0.0001632986474175202
SVR_rbf,so2_ppb_lag3,0.0003045283727145409
SVR_rbf,so2_ppb_lag3,0.00030452837271457425
SVR_rbf,so2_ppb_lag6,0.0003990480703865096
SVR_rbf,so2_ppb_lag6,0.00039904807038652066
SVR_rbf,so2_ppb_lag24,-3.837780387807577e-05
SVR_rbf,so2_ppb_lag24,-3.837780387808687e-05
SVR_rbf,o3_ppb_lag1,0.0005510048866865014
SVR_rbf,o3_ppb_lag1,0.0005510048866865236
SVR_rbf,o3_ppb_lag3,0.0005084594137198418
SVR_rbf,o3_ppb_lag3,0.0005084594137198195
SVR_rbf,o3_ppb_lag6,8.54880342720965e-05
SVR_rbf,o3_ppb_lag6,8.54880342720965e-05
SVR_rbf,o3_ppb_lag24,0.0007239739116096766
SVR_rbf,o3_ppb_lag24,0.0007239739116096545
SVR_rbf,temperature_c_lag1,0.0002240379979920215
SVR_rbf,temperature_c_lag1,0.0002240379979920326
SVR_rbf,temperature_c_lag3,2.4775980987656876e-05
SVR_rbf,temperature_c_lag3,2.477598098763467e-05
SVR_rbf,temperature_c_lag6,-0.00013291032608518937
SVR_rbf,temperature_c_lag6,-0.00013291032608520048
SVR_rbf,temperature_c_lag24,0.00032921955751396
SVR_rbf,temperature_c_lag24,0.0003292195575139489
SVR_rbf,relative_humidity_lag1,2.6165746889417197e-05
SVR_rbf,relative_humidity_lag1,2.6165746889417197e-05
SVR_rbf,relative_humidity_lag3,-0.00014296480450725068
SVR_rbf,relative_humidity_lag3,-0.0001429648045072396
SVR_rbf,relative_humidity_lag6,3.117107705791211e-05
SVR_rbf,relative_humidity_lag6,3.117107705792321e-05
SVR_rbf,relative_humidity_lag24,5.92005062337142e-05
SVR_rbf,relative_humidity_lag24,5.92005062337031e-05
SVR_rbf,wind_speed_ms_lag1,5.6207408437480845e-06
SVR_rbf,wind_speed_ms_lag1,5.620740843759187e-06
SVR_rbf,wind_speed_ms_lag3,-9.2086027688143e-05
SVR_rbf,wind_speed_ms_lag3,-9.208602768816521e-05
SVR_rbf,wind_speed_ms_lag6,-9.962807862127221e-05
SVR_rbf,wind_speed_ms_lag6,-9.962807862128331e-05
SVR_rbf,wind_speed_ms_lag24,-0.00018549078104925786
SVR_rbf,wind_speed_ms_lag24,-0.00018549078104925786
SVR_rbf,wind_direction_deg_lag1,7.088305082606495e-05
SVR_rbf,wind_direction_deg_lag1,7.088305082607605e-05
SVR_rbf,wind_direction_deg_lag3,4.4831059719696587e-05
SVR_rbf,wind_direction_deg_lag3,4.483105971968549e-05
SVR_rbf,wind_direction_deg_lag6,7.681926252580684e-05
SVR_rbf,wind_direction_deg_lag6,7.681926252579574e-05
SVR_rbf,wind_direction_deg_lag24,5.902931343640949e-05
SVR_rbf,wind_direction_deg_lag24,5.902931343640949e-05
SVR_rbf,pm25_ugm3_rollmean_3,0.0002111150332942957
SVR_rbf,pm25_ugm3_rollmean_3,0.00021111503329432902
SVR_rbf,pm25_ugm3_rollmean_6,7.389288088782697e-05
SVR_rbf,pm25_ugm3_rollmean_6,7.389288088784917e-05
SVR_rbf,pm25_ugm3_rollmean_24,4.2368775969425784e-05
SVR_rbf,pm25_ugm3_rollmean_24,4.2368775969403585e-05
SVR_rbf,co_ppm_rollmean_3,0.00016137268532089298
SVR_rbf,co_ppm_rollmean_3,0.00016137268532089298
SVR_rbf,co_ppm_rollmean_6,0.00021729307921769525
SVR_rbf,co_ppm_rollmean_6,0.00021729307921771745
SVR_rbf,co_ppm_rollmean_24,8.109671357618975e-05
SVR_rbf,co_ppm_rollmean_24,8.109671357618975e-05
SVR_rbf,no2_ppb_rollmean_3,0.0007301942741692157
SVR_rbf,no2_ppb_rollmean_3,0.0007301942741692491
SVR_rbf,no2_ppb_rollmean_6,0.00016237553735084508
SVR_rbf,no2_ppb_rollmean_6,0.00016237553735082288
SVR_rbf,no2_ppb_rollmean_24,-1.6589271642675208e-05
SVR_rbf,no2_ppb_rollmean_24,-1.6589271642664105e-05
SVR_rbf,so2_ppb_rollmean_3,0.00022138929997850276
SVR_rbf,so2_ppb_rollmean_3,0.00022138929997851388
SVR_rbf,so2_ppb_rollmean_6,3.3516159336965946e-05
SVR_rbf,so2_ppb_rollmean_6,3.351615933701035e-05
SVR_rbf,so2_ppb_rollmean_24,7.533356887204912e-05
SVR_rbf,so2_ppb_rollmean_24,7.533356887204912e-05
SVR_rbf,o3_ppb_rollmean_3,0.00116880397124266
SVR_rbf,o3_ppb_rollmean_3,0.001168803971242649
SVR_rbf,o3_ppb_rollmean_6,0.001183763403039928
SVR_rbf,o3_ppb_rollmean_6,0.001183763403039928
SVR_rbf,o3_ppb_rollmean_24,-4.1601074945185613e-05
SVR_rbf,o3_ppb_rollmean_24,-4.160107494517451e-05
SVR_rbf,temperature_c_x_relative_humidity,0.00013681079372981352
SVR_rbf,temperature_c_x_relative_humidity,0.00013681079372983572
RandomForest,latitude,0.0003866262546180023
RandomForest,longitude,0.00025449720768232675
RandomForest,pm25_ugm3,0.9735683859515625
RandomForest,co_ppm,0.00013019117965033474
RandomForest,no2_ppb,0.00011566104360316134
RandomForest,so2_ppb,3.31835951085973e-05
RandomForest,o3_ppb,0.000323787336371533
RandomForest,temperature_c,4.3113582381512e-05
RandomForest,relative_humidity,6.807826369619438e-05
RandomForest,wind_speed_ms,0.0006669279423936243
RandomForest,wind_direction_deg,4.5454461083840924e-05
RandomForest,calibration_factor,0.0001712921630121216
RandomForest,pm25_ugm3_lag1,0.00012659505218781238
RandomForest,pm25_ugm3_lag1,0.00013252776625131718
RandomForest,pm25_ugm3_lag3,5.880860354887054e-05
RandomForest,pm25_ugm3_lag3,1.6830143400344377e-05
RandomForest,pm25_ugm3_lag6,0.00012813803051448493
RandomForest,pm25_ugm3_lag6,0.00023458156649828078
RandomForest,pm25_ugm3_lag24,0.00021329324686760042
RandomForest,pm25_ugm3_lag24,0.00021671579039157573
RandomForest,co_ppm_lag1,0.0002511489297516492
RandomForest,co_ppm_lag1,0.00014844897742281282
RandomForest,co_ppm_lag3,0.00018191878682693213
RandomForest,co_ppm_lag3,0.0001893829943271585
RandomForest,co_ppm_lag6,5.87292286235375e-05
RandomForest,co_ppm_lag6,2.7459696072822007e-05
RandomForest,co_ppm_lag24,0.0001521173449094144
RandomForest,co_ppm_lag24,0.00015857902541978534
RandomForest,no2_ppb_lag1,0.0002937428626244601
RandomForest,no2_ppb_lag1,0.00022914020351935113
RandomForest,no2_ppb_lag3,0.00020704606194245684
RandomForest,no2_ppb_lag3,0.0002171196836178952
RandomForest,no2_ppb_lag6,4.70922847385154e-05
RandomForest,no2_ppb_lag6,5.6919938074672643e-05
RandomForest,no2_ppb_lag24,6.50507552319739e-05
RandomForest,no2_ppb_lag24,0.00011306600355372245
RandomForest,so2_ppb_lag1,6.0250195611744705e-05
RandomForest,so2_ppb_lag1,1.582275518651228e-05
RandomForest,so2_ppb_lag3,0.00016416577068248525
RandomForest,so2_ppb_lag3,0.00013368557367335614
RandomForest,so2_ppb_lag6,2.13126743794015e-05
RandomForest,so2_ppb_lag6,2.373389163216464e-05
RandomForest,so2_ppb_lag24,0.00012257851944844143
RandomForest,so2_ppb_lag24,0.00013022483714268017
RandomForest,o3_ppb_lag1,0.00012914201627722878
RandomForest,o3_ppb_lag1,5.904371721893862e-05
RandomForest,o3_ppb_lag3,5.3086573100866297e-05
RandomForest,o3_ppb_lag3,5.325018061682943e-05
RandomForest,o3_ppb_lag6,4.434743373279601e-05
RandomForest,o3_ppb_lag6,3.2602383978116e-05
RandomForest,o3_ppb_lag24,0.0004388589973033037
RandomForest,o3_ppb_lag24,0.00026520154491098245
RandomForest,temperature_c_lag1,4.51314147236307e-05
RandomForest,temperature_c_lag1,4.750360063500045e-05
RandomForest,temperature_c_lag3,2.7041247574471e-05
RandomForest,temperature_c_lag3,6.289611517110654e-05
RandomForest,temperature_c_lag6,0.0003401623807578953
RandomForest,temperature_c_lag6,0.00032652010672496313
RandomForest,temperature_c_lag24,0.0001259478856121407
RandomForest,temperature_c_lag24,0.00014532913387348413
RandomForest,relative_humidity_lag1,1.9593716160602318e-05
RandomForest,relative_humidity_lag1,3.2392825645253105e-05
RandomForest,relative_humidity_lag3,6.751900692778486e-05
RandomForest,relative_humidity_lag3,6.802624989901752e-05
RandomForest,relative_humidity_lag6,0.0001039436934034166
RandomForest,relative_humidity_lag6,0.00015230632452536695
RandomForest,relative_humidity_lag24,5.820096112443825e-05
RandomForest,relative_humidity_lag24,7.152719787385754e-05
RandomForest,wind_speed_ms_lag1,0.0002872674467185916
RandomForest,wind_speed_ms_lag1,0.0002719085625893677
RandomForest,wind_speed_ms_lag3,9.368561727489963e-05
RandomForest,wind_speed_ms_lag3,0.00012958304104730266
RandomForest,wind_speed_ms_lag6,1.7669481218826597e-05
RandomForest,wind_speed_ms_lag6,2.6955079742696315e-05
RandomForest,wind_speed_ms_lag24,5.655571584621091e-05
RandomForest,wind_speed_ms_lag24,4.526241499123692e-05
RandomForest,wind_direction_deg_lag1,5.778657291448456e-05
RandomForest,wind_direction_deg_lag1,7.393573907729062e-05
RandomForest,wind_direction_deg_lag3,5.3519531588958474e-05
RandomForest,wind_direction_deg_lag3,1.7211184268564205e-05
RandomForest,wind_direction_deg_lag6,0.00037652696044923357
RandomForest,wind_direction_deg_lag6,0.00042140773136233105
RandomForest,wind_direction_deg_lag24,0.00044568224410130696
RandomForest,wind_direction_deg_lag24,0.0004629678125469975
RandomForest,pm25_ugm3_rollmean_3,1.7880119661291928e-05
RandomForest,pm25_ugm3_rollmean_3,2.6492517412402186e-05
RandomForest,pm25_ugm3_rollmean_6,5.396112976032721e-05
RandomForest,pm25_ugm3_rollmean_6,4.131310251522669e-05
RandomForest,pm25_ugm3_rollmean_24,4.0788406012997484e-05
RandomForest,pm25_ugm3_rollmean_24,9.009795701465103e-05
RandomForest,co_ppm_rollmean_3,0.00024328697136081283
RandomForest,co_ppm_rollmean_3,0.00018550452768648188
RandomForest,co_ppm_rollmean_6,0.00012104797744268981
RandomForest,co_ppm_rollmean_6,0.00015846007668314925
RandomForest,co_ppm_rollmean_24,5.889745123969408e-05
RandomForest,co_ppm_rollmean_24,7.646993183660902e-05
RandomForest,no2_ppb_rollmean_3,3.240003797662135e-05
RandomForest,no2_ppb_rollmean_3,3.552092101111709e-05
RandomForest,no2_ppb_rollmean_6,0.00010264493726672268
RandomForest,no2_ppb_rollmean_6,0.00019534617120306992
RandomForest,no2_ppb_rollmean_24,0.00010481452483236933
RandomForest,no2_ppb_rollmean_24,7.22598325521868e-05
RandomForest,so2_ppb_rollmean_3,2.1445063935481603e-05
RandomForest,so2_ppb_rollmean_3,5.321480964395571e-05
RandomForest,so2_ppb_rollmean_6,4.0218621224889164e-05
RandomForest,so2_ppb_rollmean_6,4.4581696725480605e-05
RandomForest,so2_ppb_rollmean_24,2.26391985758923e-05
RandomForest,so2_ppb_rollmean_24,2.5923710027391878e-05
RandomForest,o3_ppb_rollmean_3,3.325498279031618e-05
RandomForest,o3_ppb_rollmean_3,4.1706824741363647e-05
RandomForest,o3_ppb_rollmean_6,4.6064999795977844e-05
RandomForest,o3_ppb_rollmean_6,2.2185332459549293e-05
RandomForest,o3_ppb_rollmean_24,6.78298646410297e-05
RandomForest,o3_ppb_rollmean_24,6.222403984979418e-05
RandomForest,temperature_c_x_relative_humidity,8.385693708231473e-05
RandomForest,temperature_c_x_relative_humidity,7.09292046155219e-05
RandomForest,pm25_ugm3_lag1,0.00014876929884166914
RandomForest,pm25_ugm3_lag1,0.00011255134538304702
RandomForest,pm25_ugm3_lag3,7.333257569801206e-06
RandomForest,pm25_ugm3_lag3,2.469939992701078e-05
RandomForest,pm25_ugm3_lag6,9.443266440531178e-05
RandomForest,pm25_ugm3_lag6,7.143259218811929e-05
RandomForest,pm25_ugm3_lag24,0.00016799266944144382
RandomForest,pm25_ugm3_lag24,0.00019438695652780976
RandomForest,co_ppm_lag1,0.00019477315702643168
RandomForest,co_ppm_lag1,0.00022123209040613277
RandomForest,co_ppm_lag3,4.800888289657132e-05
RandomForest,co_ppm_lag3,4.0751812552283904e-05
RandomForest,co_ppm_lag6,2.2873347735050088e-05
RandomForest,co_ppm_lag6,2.6002612776741532e-05
RandomForest,co_ppm_lag24,0.00013051650748668934
RandomForest,co_ppm_lag24,0.00013745041331355675
RandomForest,no2_ppb_lag1,0.00039871268689581124
RandomForest,no2_ppb_lag1,0.00022713697115701685
RandomForest,no2_ppb_lag3,0.00019353406592764904
RandomForest,no2_ppb_lag3,0.0001969008120967696
RandomForest,no2_ppb_lag6,4.62458213709727e-05
RandomForest,no2_ppb_lag6,4.626353823902001e-05
RandomForest,no2_ppb_lag24,8.71947893842793e-05
RandomForest,no2_ppb_lag24,6.047386245107401e-05
RandomForest,so2_ppb_lag1,2.2461256617509042e-05
RandomForest,so2_ppb_lag1,4.0645953537534286e-05
RandomForest,so2_ppb_lag3,0.00021157582850277483
RandomForest,so2_ppb_lag3,0.00017234104963331648
RandomForest,so2_ppb_lag6,1.4631279003363587e-05
RandomForest,so2_ppb_lag6,2.6906689621236292e-05
RandomForest,so2_ppb_lag24,0.00014601562834256463
RandomForest,so2_ppb_lag24,0.00011054539789648805
RandomForest,o3_ppb_lag1,0.00011929499450876808
RandomForest,o3_ppb_lag1,0.0001512800271547694
RandomForest,o3_ppb_lag3,7.883933342093182e-05
RandomForest,o3_ppb_lag3,3.525402417888023e-05
RandomForest,o3_ppb_lag6,3.237316464868791e-05
RandomForest,o3_ppb_lag6,2.396181195342328e-05
RandomForest,o3_ppb_lag24,0.0003874361437756678
RandomForest,o3_ppb_lag24,0.00033657097795593375
RandomForest,temperature_c_lag1,2.3717179170698084e-05
RandomForest,temperature_c_lag1,2.123986652734376e-05
RandomForest,temperature_c_lag3,6.642478499919511e-05
RandomForest,temperature_c_lag3,1.2924828631316929e-05
RandomForest,temperature_c_lag6,0.0002851033163797856
RandomForest,temperature_c_lag6,0.00040710732802061233
RandomForest,temperature_c_lag24,0.0001825471026281582
RandomForest,temperature_c_lag24,0.0001310584621034441
RandomForest,relative_humidity_lag1,1.730994236464136e-05
RandomForest,relative_humidity_lag1,1.8161647076999236e-05
RandomForest,relative_humidity_lag3,0.00010519726613226193
RandomForest,relative_humidity_lag3,5.950548008796546e-05
RandomForest,relative_humidity_lag6,0.00015604308688894425
RandomForest,relative_humidity_lag6,0.00014025447712026772
RandomForest,relative_humidity_lag24,8.30657536938567e-05
RandomForest,relative_humidity_lag24,5.399701807494401e-05
RandomForest,wind_speed_ms_lag1,0.00040810239279614964
RandomForest,wind_speed_ms_lag1,0.0003350782081722849
RandomForest,wind_speed_ms_lag3,0.00011466450386607991
RandomForest,wind_speed_ms_lag3,0.00017709904386572267
RandomForest,wind_speed_ms_lag6,1.979904577995689e-05
RandomForest,wind_speed_ms_lag6,3.4137208526742405e-05
RandomForest,wind_speed_ms_lag24,3.48613788673329e-05
RandomForest,wind_speed_ms_lag24,0.00010110141302693461
RandomForest,wind_direction_deg_lag1,5.635527706931739e-05
RandomForest,wind_direction_deg_lag1,6.757451445023639e-05
RandomForest,wind_direction_deg_lag3,1.9741744047743088e-05
RandomForest,wind_direction_deg_lag3,4.673618315855116e-05
RandomForest,wind_direction_deg_lag6,0.0002837956950822173
RandomForest,wind_direction_deg_lag6,0.0002869451359386481
RandomForest,wind_direction_deg_lag24,0.0004618489501044077
RandomForest,wind_direction_deg_lag24,0.00041698140673758125
RandomForest,pm25_ugm3_rollmean_3,2.8412976425840534e-05
RandomForest,pm25_ugm3_rollmean_3,5.2114761916017145e-05
RandomForest,pm25_ugm3_rollmean_6,1.8569451982973317e-05
RandomForest,pm25_ugm3_rollmean_6,5.1264534451546884e-05
RandomForest,pm25_ugm3_rollmean_24,5.75980370456882e-05
RandomForest,pm25_ugm3_rollmean_24,7.732752565590381e-05
RandomForest,co_ppm_rollmean_3,0.0003006577718164589
RandomForest,co_ppm_rollmean_3,0.00022891140559877285
RandomForest,co_ppm_rollmean_6,0.00011189837771528002
RandomForest,co_ppm_rollmean_6,0.00022300345593721083
RandomForest,co_ppm_rollmean_24,0.00010908390365447472
RandomForest,co_ppm_rollmean_24,9.125454395969083e-05
RandomForest,no2_ppb_rollmean_3,4.378474850019667e-05
RandomForest,no2_ppb_rollmean_3,4.225989976994077e-05
RandomForest,no2_ppb_rollmean_6,0.0001539844315938322
RandomForest,no2_ppb_rollmean_6,0.00015493748727502972
RandomForest,no2_ppb_rollmean_24,9.552958977379869e-05
RandomForest,no2_ppb_rollmean_24,0.0001323079526296961
RandomForest,so2_ppb_rollmean_3,3.5788459157056245e-05
RandomForest,so2_ppb_rollmean_3,3.9905901916898186e-05
RandomForest,so2_ppb_rollmean_6,3.9810757850214577e-05
RandomForest,so2_ppb_rollmean_6,2.858497987450592e-05
RandomForest,so2_ppb_rollmean_24,4.356640623504701e-05
RandomForest,so2_ppb_rollmean_24,2.6112454972664012e-05
RandomForest,o3_ppb_rollmean_3,5.748836337580939e-05
RandomForest,o3_ppb_rollmean_3,3.144843403779469e-05
RandomForest,o3_ppb_rollmean_6,3.487704408349789e-05
RandomForest,o3_ppb_rollmean_6,3.442535970818828e-05
RandomForest,o3_ppb_rollmean_24,8.001741884977275e-05
RandomForest,o3_ppb_rollmean_24,7.134813866866301e-05
RandomForest,temperature_c_x_relative_humidity,7.841767733198333e-05
RandomForest,temperature_c_x_relative_humidity,8.283709176801107e-05
GradientBoosting,latitude,0.0
GradientBoosting,longitude,0.00016012578663826313
GradientBoosting,pm25_ugm3,0.9848907478906199
GradientBoosting,co_ppm,7.917200427683611e-05
GradientBoosting,no2_ppb,1.0202852309425254e-05
GradientBoosting,so2_ppb,1.341113696676297e-05
GradientBoosting,o3_ppb,0.0
GradientBoosting,temperature_c,1.4939184704812328e-05
GradientBoosting,relative_humidity,5.108588917900769e-06
GradientBoosting,wind_speed_ms,0.00018607557778639732
GradientBoosting,wind_direction_deg,0.0
GradientBoosting,calibration_factor,0.00022176577021439122
GradientBoosting,pm25_ugm3_lag1,0.00011702968646845072
GradientBoosting,pm25_ugm3_lag1,6.572888861828432e-05
GradientBoosting,pm25_ugm3_lag3,4.460667022350756e-05
GradientBoosting,pm25_ugm3_lag3,0.0
GradientBoosting,pm25_ugm3_lag6,1.0889102896020757e-05
GradientBoosting,pm25_ugm3_lag6,2.384326120191014e-06
GradientBoosting,pm25_ugm3_lag24,0.0001805051045770219
GradientBoosting,pm25_ugm3_lag24,4.359062770703794e-05
GradientBoosting,co_ppm_lag1,8.086980989019766e-05
GradientBoosting,co_ppm_lag1,2.8295494079718517e-05
GradientBoosting,co_ppm_lag3,0.0002887678483293266
GradientBoosting,co_ppm_lag3,0.0
GradientBoosting,co_ppm_lag6,4.713294908865068e-06
GradientBoosting,co_ppm_lag6,2.0127519273687056e-06
GradientBoosting,co_ppm_lag24,8.374406138926484e-05
GradientBoosting,co_ppm_lag24,4.880419637124906e-05
GradientBoosting,no2_ppb_lag1,0.00034039428435303325
GradientBoosting,no2_ppb_lag1,0.0006125855307363159
GradientBoosting,no2_ppb_lag3,0.00015741160988641108
GradientBoosting,no2_ppb_lag3,0.0001770224542431492
GradientBoosting,no2_ppb_lag6,0.0
GradientBoosting,no2_ppb_lag6,1.4361814365886524e-05
GradientBoosting,no2_ppb_lag24,3.627753867716357e-06
GradientBoosting,no2_ppb_lag24,1.0316447725939762e-05
GradientBoosting,so2_ppb_lag1,4.4010865196460564e-05
GradientBoosting,so2_ppb_lag1,0.0
GradientBoosting,so2_ppb_lag3,1.1585017829960661e-05
GradientBoosting,so2_ppb_lag3,0.0
GradientBoosting,so2_ppb_lag6,4.458734440679593e-06
GradientBoosting,so2_ppb_lag6,0.0
GradientBoosting,so2_ppb_lag24,6.937223392692154e-06
GradientBoosting,so2_ppb_lag24,3.969856072866825e-05
GradientBoosting,o3_ppb_lag1,2.4326182224037563e-05
GradientBoosting,o3_ppb_lag1,4.804459161955821e-05
GradientBoosting,o3_ppb_lag3,3.6695303857334477e-06
GradientBoosting,o3_ppb_lag3,9.647247807950659e-06
GradientBoosting,o3_ppb_lag6,0.0
GradientBoosting,o3_ppb_lag6,0.0
GradientBoosting,o3_ppb_lag24,0.00031790415487060406
GradientBoosting,o3_ppb_lag24,0.0004086848375437723
GradientBoosting,temperature_c_lag1,1.5291966912321208e-06
GradientBoosting,temperature_c_lag1,0.0
GradientBoosting,temperature_c_lag3,0.0
GradientBoosting,temperature_c_lag3,6.522612864743604e-05
GradientBoosting,temperature_c_lag6,0.00017883352269778305
GradientBoosting,temperature_c_lag6,1.1555954348449061e-05
GradientBoosting,temperature_c_lag24,3.43826001335864e-05
GradientBoosting,temperature_c_lag24,0.00012011095673372916
GradientBoosting,relative_humidity_lag1,0.0
GradientBoosting,relative_humidity_lag1,0.0
GradientBoosting,relative_humidity_lag3,0.0
GradientBoosting,relative_humidity_lag3,7.627441448794414e-05
GradientBoosting,relative_humidity_lag6,0.0002153175786936932
GradientBoosting,relative_humidity_lag6,9.359139343629693e-05
GradientBoosting,relative_humidity_lag24,4.1051871983792495e-05
GradientBoosting,relative_humidity_lag24,3.872168093971802e-05
GradientBoosting,wind_speed_ms_lag1,0.000248880961548091
GradientBoosting,wind_speed_ms_lag1,1.6056963849261458e-05
GradientBoosting,wind_speed_ms_lag3,4.376607659242027e-05
GradientBoosting,wind_speed_ms_lag3,9.892825912792998e-05
GradientBoosting,wind_speed_ms_lag6,0.0001023880926094707
GradientBoosting,wind_speed_ms_lag6,0.0
GradientBoosting,wind_speed_ms_lag24,6.355198589824774e-06
GradientBoosting,wind_speed_ms_lag24,6.254267579774965e-05
GradientBoosting,wind_direction_deg_lag1,6.283672797365795e-05
GradientBoosting,wind_direction_deg_lag1,0.0
GradientBoosting,wind_direction_deg_lag3,0.0
GradientBoosting,wind_direction_deg_lag3,4.797501312625114e-05
GradientBoosting,wind_direction_deg_lag6,0.00032041060639125934
GradientBoosting,wind_direction_deg_lag6,0.0004574645468370358
GradientBoosting,wind_direction_deg_lag24,0.00017814729009667775
GradientBoosting,wind_direction_deg_lag24,0.00043087342361373103
GradientBoosting,pm25_ugm3_rollmean_3,9.69430795551416e-06
GradientBoosting,pm25_ugm3_rollmean_3,9.617877543658988e-06
GradientBoosting,pm25_ugm3_rollmean_6,8.731088308944945e-06
GradientBoosting,pm25_ugm3_rollmean_6,1.7058233437471977e-05
GradientBoosting,pm25_ugm3_rollmean_24,3.1568659153731516e-05
GradientBoosting,pm25_ugm3_rollmean_24,2.6142322100423358e-05
GradientBoosting,co_ppm_rollmean_3,0.0001281261007748115
GradientBoosting,co_ppm_rollmean_3,0.0001427860673058612
GradientBoosting,co_ppm_rollmean_6,3.287895967168386e-05
GradientBoosting,co_ppm_rollmean_6,0.0
GradientBoosting,co_ppm_rollmean_24,3.940621183063841e-06
GradientBoosting,co_ppm_rollmean_24,2.2549685771967638e-05
GradientBoosting,no2_ppb_rollmean_3,5.329966668010568e-06
GradientBoosting,no2_ppb_rollmean_3,0.00026116177945926204
GradientBoosting,no2_ppb_rollmean_6,2.0552872942895404e-05
GradientBoosting,no2_ppb_rollmean_6,2.752498335703343e-05
GradientBoosting,no2_ppb_rollmean_24,9.777183599469935e-06
GradientBoosting,no2_ppb_rollmean_24,0.00011154395774891108
GradientBoosting,so2_ppb_rollmean_3,0.0
GradientBoosting,so2_ppb_rollmean_3,0.0
GradientBoosting,so2_ppb_rollmean_6,0.0
GradientBoosting,so2_ppb_rollmean_6,8.212990021782952e-05
GradientBoosting,so2_ppb_rollmean_24,0.0
GradientBoosting,so2_ppb_rollmean_24,4.3899406275716575e-05
GradientBoosting,o3_ppb_rollmean_3,0.0
GradientBoosting,o3_ppb_rollmean_3,1.0402080364745838e-05
GradientBoosting,o3_ppb_rollmean_6,2.3158814745124724e-05
GradientBoosting,o3_ppb_rollmean_6,3.8142327235363354e-05
GradientBoosting,o3_ppb_rollmean_24,1.695631775381255e-05
GradientBoosting,o3_ppb_rollmean_24,6.08672781643202e-06
GradientBoosting,temperature_c_x_relative_humidity,2.416655142621948e-05
GradientBoosting,temperature_c_x_relative_humidity,0.0
GradientBoosting,pm25_ugm3_lag1,0.00024564631591948824
GradientBoosting,pm25_ugm3_lag1,0.00022440854803986747
GradientBoosting,pm25_ugm3_lag3,1.1834771672512215e-07
GradientBoosting,pm25_ugm3_lag3,0.0
GradientBoosting,pm25_ugm3_lag6,0.00013283231631802033
GradientBoosting,pm25_ugm3_lag6,0.0
GradientBoosting,pm25_ugm3_lag24,2.8977196491868746e-05
GradientBoosting,pm25_ugm3_lag24,6.842347792843526e-05
GradientBoosting,co_ppm_lag1,1.1569079443469365e-05
GradientBoosting,co_ppm_lag1,0.00014949976176448592
GradientBoosting,co_ppm_lag3,3.4954540174010364e-06
GradientBoosting,co_ppm_lag3,1.7121490942029763e-06
GradientBoosting,co_ppm_lag6,4.4477715109388295e-06
GradientBoosting,co_ppm_lag6,3.925425555139775e-05
GradientBoosting,co_ppm_lag24,7.708390126628873e-05
GradientBoosting,co_ppm_lag24,6.881068389954728e-08
GradientBoosting,no2_ppb_lag1,0.00018520665016274443
GradientBoosting,no2_ppb_lag1,0.00015794482135488624
GradientBoosting,no2_ppb_lag3,0.00014993411687457743
GradientBoosting,no2_ppb_lag3,6.589442470319837e-05
GradientBoosting,no2_ppb_lag6,4.087817387215759e-06
GradientBoosting,no2_ppb_lag6,2.4862470658326098e-05
GradientBoosting,no2_ppb_lag24,5.0253587623773454e-05
GradientBoosting,no2_ppb_lag24,2.156526865506446e-05
GradientBoosting,so2_ppb_lag1,3.2459960988790854e-08
GradientBoosting,so2_ppb_lag1,5.656916124125373e-08
GradientBoosting,so2_ppb_lag3,0.0
GradientBoosting,so2_ppb_lag3,6.377592513320083e-06
GradientBoosting,so2_ppb_lag6,1.6432300260696033e-06
GradientBoosting,so2_ppb_lag6,7.215738951724891e-06
GradientBoosting,so2_ppb_lag24,1.6951620398829126e-05
GradientBoosting,so2_ppb_lag24,2.8529807081195218e-05
GradientBoosting,o3_ppb_lag1,0.0
GradientBoosting,o3_ppb_lag1,0.0
GradientBoosting,o3_ppb_lag3,8.384151827740945e-06
GradientBoosting,o3_ppb_lag3,4.0980631694408307e-05
GradientBoosting,o3_ppb_lag6,0.00015615750769318199
GradientBoosting,o3_ppb_lag6,0.00031057834452456767
GradientBoosting,o3_ppb_lag24,0.00017077195826449166
GradientBoosting,o3_ppb_lag24,0.0004521333421335353
GradientBoosting,temperature_c_lag1,0.0
GradientBoosting,temperature_c_lag1,7.723000359593193e-05
GradientBoosting,temperature_c_lag3,2.0752965582193644e-07
GradientBoosting,temperature_c_lag3,0.0
GradientBoosting,temperature_c_lag6,0.0001685086257742039
GradientBoosting,temperature_c_lag6,0.00011840241133925508
GradientBoosting,temperature_c_lag24,2.0824353871584497e-05
GradientBoosting,temperature_c_lag24,0.0001301263369089649
GradientBoosting,relative_humidity_lag1,0.0
GradientBoosting,relative_humidity_lag1,1.3113320412756013e-07
GradientBoosting,relative_humidity_lag3,6.176426795096757e-06
GradientBoosting,relative_humidity_lag3,0.0
GradientBoosting,relative_humidity_lag6,0.00024198154393740144
GradientBoosting,relative_humidity_lag6,0.0003183356630727862
GradientBoosting,relative_humidity_lag24,0.0
GradientBoosting,relative_humidity_lag24,0.0
GradientBoosting,wind_speed_ms_lag1,0.00021792643359941767
GradientBoosting,wind_speed_ms_lag1,0.00011635753401680839
GradientBoosting,wind_speed_ms_lag3,2.712766340014241e-05
GradientBoosting,wind_speed_ms_lag3,0.0
GradientBoosting,wind_speed_ms_lag6,0.0
GradientBoosting,wind_speed_ms_lag6,7.397785342086073e-05
GradientBoosting,wind_speed_ms_lag24,0.00011914018304855232
GradientBoosting,wind_speed_ms_lag24,0.0001540170246087941
GradientBoosting,wind_direction_deg_lag1,2.7234420447660376e-06
GradientBoosting,wind_direction_deg_lag1,0.0
GradientBoosting,wind_direction_deg_lag3,3.8940358315133325e-05
GradientBoosting,wind_direction_deg_lag3,8.381089981002035e-07
GradientBoosting,wind_direction_deg_lag6,0.00031155054054516246
GradientBoosting,wind_direction_deg_lag6,0.000193799490170403
GradientBoosting,wind_direction_deg_lag24,0.0006229707743803608
GradientBoosting,wind_direction_deg_lag24,0.0002539372907488606
GradientBoosting,pm25_ugm3_rollmean_3,8.580483953045936e-06
GradientBoosting,pm25_ugm3_rollmean_3,2.437737576054116e-06
GradientBoosting,pm25_ugm3_rollmean_6,4.895097842972213e-05
GradientBoosting,pm25_ugm3_rollmean_6,3.442417519042702e-05
GradientBoosting,pm25_ugm3_rollmean_24,0.0
GradientBoosting,pm25_ugm3_rollmean_24,0.00013101396415086865
GradientBoosting,co_ppm_rollmean_3,0.0001944777889986569
GradientBoosting,co_ppm_rollmean_3,9.912058304207061e-05
GradientBoosting,co_ppm_rollmean_6,0.0
GradientBoosting,co_ppm_rollmean_6,2.6082283025651325e-05
GradientBoosting,co_ppm_rollmean_24,4.598440079200846e-05
GradientBoosting,co_ppm_rollmean_24,0.0
GradientBoosting,no2_ppb_rollmean_3,7.518941888183489e-06
GradientBoosting,no2_ppb_rollmean_3,1.3869754292137127e-05
GradientBoosting,no2_ppb_rollmean_6,2.2453805794229363e-05
GradientBoosting,no2_ppb_rollmean_6,9.462713090058704e-06
GradientBoosting,no2_ppb_rollmean_24,2.4069878120617307e-05
GradientBoosting,no2_ppb_rollmean_24,0.0001055072816274292
GradientBoosting,so2_ppb_rollmean_3,3.272129692779851e-05
GradientBoosting,so2_ppb_rollmean_3,0.0
GradientBoosting,so2_ppb_rollmean_6,6.401498444537705e-06
GradientBoosting,so2_ppb_rollmean_6,0.0
GradientBoosting,so2_ppb_rollmean_24,0.0
GradientBoosting,so2_ppb_rollmean_24,0.0
GradientBoosting,o3_ppb_rollmean_3,7.589574349596757e-06
GradientBoosting,o3_ppb_rollmean_3,0.0
GradientBoosting,o3_ppb_rollmean_6,0.00011704602576370168
GradientBoosting,o3_ppb_rollmean_6,2.269351207934228e-05
GradientBoosting,o3_ppb_rollmean_24,1.5697737465234186e-05
GradientBoosting,o3_ppb_rollmean_24,6.5842257913735285e-06
GradientBoosting,temperature_c_x_relative_humidity,5.897981938813273e-07
GradientBoosting,temperature_c_x_relative_humidity,6.906591323850786e-05
AdaBoost,latitude,0.004715839477189107
AdaBoost,longitude,0.0012972963054976635
AdaBoost,pm25_ugm3,0.5498079727855814
AdaBoost,co_ppm,0.0
AdaBoost,no2_ppb,0.014554525299090374
AdaBoost,so2_ppb,0.0009533251640872111
AdaBoost,o3_ppb,0.0027368689188901093
AdaBoost,temperature_c,0.012213755308334795
AdaBoost,relative_humidity,0.002446986415783014
AdaBoost,wind_speed_ms,0.000905683824213306
AdaBoost,wind_direction_deg,0.004490442745716013
AdaBoost,calibration_factor,0.019183685238128245
AdaBoost,pm25_ugm3_lag1,0.007869180272695364
AdaBoost,pm25_ugm3_lag1,0.01696472631011886
AdaBoost,pm25_ugm3_lag3,0.00027586311380044937
AdaBoost,pm25_ugm3_lag3,0.0010604880875576188
AdaBoost,pm25_ugm3_lag6,0.0
AdaBoost,pm25_ugm3_lag6,1.3508394426209802e-06
AdaBoost,pm25_ugm3_lag24,0.0047317770994382185
AdaBoost,pm25_ugm3_lag24,0.0002848971583730986
AdaBoost,co_ppm_lag1,0.0
AdaBoost,co_ppm_lag1,0.0
AdaBoost,co_ppm_lag3,0.011419094292428397
AdaBoost,co_ppm_lag3,0.006440478151484934
AdaBoost,co_ppm_lag6,0.00080283315366888
AdaBoost,co_ppm_lag6,0.0
AdaBoost,co_ppm_lag24,0.0015220991304947145
AdaBoost,co_ppm_lag24,0.0015032068282482115
AdaBoost,no2_ppb_lag1,0.0025181164374916
AdaBoost,no2_ppb_lag1,0.0014686655449641344
AdaBoost,no2_ppb_lag3,0.004960337782360028
AdaBoost,no2_ppb_lag3,0.0022566005401262377
AdaBoost,no2_ppb_lag6,0.0
AdaBoost,no2_ppb_lag6,4.245525498787161e-07
AdaBoost,no2_ppb_lag24,0.0010738909023940357
AdaBoost,no2_ppb_lag24,0.001554890627681026
AdaBoost,so2_ppb_lag1,0.0
AdaBoost,so2_ppb_lag1,0.0
AdaBoost,so2_ppb_lag3,0.0018990391271202062
AdaBoost,so2_ppb_lag3,0.0
AdaBoost,so2_ppb_lag6,0.005354515667906839
AdaBoost,so2_ppb_lag6,0.0013936599512255523
AdaBoost,so2_ppb_lag24,0.0024832418183713327
AdaBoost,so2_ppb_lag24,0.0
AdaBoost,o3_ppb_lag1,0.0
AdaBoost,o3_ppb_lag1,1.2123822945029915e-05
AdaBoost,o3_ppb_lag3,1.0638792044137216e-06
AdaBoost,o3_ppb_lag3,0.0018400818767557964
AdaBoost,o3_ppb_lag6,0.01331919939565717
AdaBoost,o3_ppb_lag6,0.003705314319287611
AdaBoost,o3_ppb_lag24,0.0035134172193818573
AdaBoost,o3_ppb_lag24,0.005630233703812195
AdaBoost,temperature_c_lag1,0.0
AdaBoost,temperature_c_lag1,0.002247407553921791
AdaBoost,temperature_c_lag3,0.0022088745202850212
AdaBoost,temperature_c_lag3,0.0022324227732979725
AdaBoost,temperature_c_lag6,0.0005720888189862714
AdaBoost,temperature_c_lag6,0.00010829492159109432
AdaBoost,temperature_c_lag24,0.0
AdaBoost,temperature_c_lag24,4.6889221584050124e-05
AdaBoost,relative_humidity_lag1,0.0016618656739859593
AdaBoost,relative_humidity_lag1,1.2503569352928867e-06
AdaBoost,relative_humidity_lag3,0.002859640603537901
AdaBoost,relative_humidity_lag3,0.0
AdaBoost,relative_humidity_lag6,0.0020877126451604375
AdaBoost,relative_humidity_lag6,0.0024907795574038074
AdaBoost,relative_humidity_lag24,0.0
AdaBoost,relative_humidity_lag24,0.00137903405925782
AdaBoost,wind_speed_ms_lag1,0.003935869481687676
AdaBoost,wind_speed_ms_lag1,0.009943332407238353
AdaBoost,wind_speed_ms_lag3,0.0
AdaBoost,wind_speed_ms_lag3,0.0009031522801440083
AdaBoost,wind_speed_ms_lag6,0.0021476690155203893
AdaBoost,wind_speed_ms_lag6,0.0022938311097469733
AdaBoost,wind_speed_ms_lag24,0.007225474046071579
AdaBoost,wind_speed_ms_lag24,0.000860646225660009
AdaBoost,wind_direction_deg_lag1,5.799712029688223e-07
AdaBoost,wind_direction_deg_lag1,0.0
AdaBoost,wind_direction_deg_lag3,0.005566938279280722
AdaBoost,wind_direction_deg_lag3,0.009914867685424916
AdaBoost,wind_direction_deg_lag6,0.005099243274301186
AdaBoost,wind_direction_deg_lag6,0.007269122504400654
AdaBoost,wind_direction_deg_lag24,0.0058524194989178924
AdaBoost,wind_direction_deg_lag24,0.002436972699580999
AdaBoost,pm25_ugm3_rollmean_3,0.001095041480699298
AdaBoost,pm25_ugm3_rollmean_3,0.0
AdaBoost,pm25_ugm3_rollmean_6,0.0010133719152949129
AdaBoost,pm25_ugm3_rollmean_6,0.0018705255817479084
AdaBoost,pm25_ugm3_rollmean_24,0.0
AdaBoost,pm25_ugm3_rollmean_24,0.0
AdaBoost,co_ppm_rollmean_3,0.0
AdaBoost,co_ppm_rollmean_3,8.754470739385851e-07
AdaBoost,co_ppm_rollmean_6,0.0
AdaBoost,co_ppm_rollmean_6,9.848448705092823e-06
AdaBoost,co_ppm_rollmean_24,0.0021828598799123367
AdaBoost,co_ppm_rollmean_24,0.0018721674850334547
AdaBoost,no2_ppb_rollmean_3,1.5110460321412967e-06
AdaBoost,no2_ppb_rollmean_3,0.0016196208053609674
AdaBoost,no2_ppb_rollmean_6,1.1714216813179315e-05
AdaBoost,no2_ppb_rollmean_6,1.8007250091554544e-05
AdaBoost,no2_ppb_rollmean_24,0.0
AdaBoost,no2_ppb_rollmean_24,0.0
AdaBoost,so2_ppb_rollmean_3,0.0016447515242791252
AdaBoost,so2_ppb_rollmean_3,5.10585836473467e-05
AdaBoost,so2_ppb_rollmean_6,0.0
AdaBoost,so2_ppb_rollmean_6,0.0
AdaBoost,so2_ppb_rollmean_24,0.0
AdaBoost,so2_ppb_rollmean_24,0.0
AdaBoost,o3_ppb_rollmean_3,0.00010899651284337244
AdaBoost,o3_ppb_rollmean_3,0.0
AdaBoost,o3_ppb_rollmean_6,2.4817996831023054e-06
AdaBoost,o3_ppb_rollmean_6,3.411761551692062e-06
AdaBoost,o3_ppb_rollmean_24,0.0008872045355931422
AdaBoost,o3_ppb_rollmean_24,0.001956005044396703
AdaBoost,temperature_c_x_relative_humidity,0.000595119202722304
AdaBoost,temperature_c_x_relative_humidity,0.0006089772313605794
AdaBoost,pm25_ugm3_lag1,0.005113372311746745
AdaBoost,pm25_ugm3_lag1,0.005432239760385908
AdaBoost,pm25_ugm3_lag3,0.0007758940090257892
AdaBoost,pm25_ugm3_lag3,0.0
AdaBoost,pm25_ugm3_lag6,0.0
AdaBoost,pm25_ugm3_lag6,3.742338538829974e-05
AdaBoost,pm25_ugm3_lag24,0.00018200440333438495
AdaBoost,pm25_ugm3_lag24,0.0007689934350467787
AdaBoost,co_ppm_lag1,0.0
AdaBoost,co_ppm_lag1,0.0
AdaBoost,co_ppm_lag3,0.005400511175308132
AdaBoost,co_ppm_lag3,0.005686086011771828
AdaBoost,co_ppm_lag6,0.0007248342759418111
AdaBoost,co_ppm_lag6,0.0
AdaBoost,co_ppm_lag24,0.002251998476580375
AdaBoost,co_ppm_lag24,0.00019873906176464426
AdaBoost,no2_ppb_lag1,0.003436540502998203
AdaBoost,no2_ppb_lag1,0.003999262385410989
AdaBoost,no2_ppb_lag3,0.005328765337358541
AdaBoost,no2_ppb_lag3,0.004033371273246825
AdaBoost,no2_ppb_lag6,0.0019006298254235002
AdaBoost,no2_ppb_lag6,6.233249553292639e-05
AdaBoost,no2_ppb_lag24,0.0044554552003669345
AdaBoost,no2_ppb_lag24,0.0
AdaBoost,so2_ppb_lag1,0.0
AdaBoost,so2_ppb_lag1,0.0
AdaBoost,so2_ppb_lag3,0.0011216106123394577
AdaBoost,so2_ppb_lag3,0.0
AdaBoost,so2_ppb_lag6,0.0017358292136357867
AdaBoost,so2_ppb_lag6,0.0006315892881915505
AdaBoost,so2_ppb_lag24,0.007023566390548046
AdaBoost,so2_ppb_lag24,0.005152995873970203
AdaBoost,o3_ppb_lag1,0.0011757459807203083
AdaBoost,o3_ppb_lag1,0.00020731726305193627
AdaBoost,o3_ppb_lag3,0.0
AdaBoost,o3_ppb_lag3,1.3080908570924537e-05
AdaBoost,o3_ppb_lag6,0.004103891142981266
AdaBoost,o3_ppb_lag6,0.004917219841172174
AdaBoost,o3_ppb_lag24,0.0064150472657335325
AdaBoost,o3_ppb_lag24,0.002858263121364439
AdaBoost,temperature_c_lag1,0.001888134855765382
AdaBoost,temperature_c_lag1,0.0026220617414961732
AdaBoost,temperature_c_lag3,0.0015841870313917455
AdaBoost,temperature_c_lag3,0.005743574070602895
AdaBoost,temperature_c_lag6,0.0005812459288558437
AdaBoost,temperature_c_lag6,0.003487632618784788
AdaBoost,temperature_c_lag24,0.00022871860427982313
AdaBoost,temperature_c_lag24,0.0017419972686493878
AdaBoost,relative_humidity_lag1,0.003961781019298382
AdaBoost,relative_humidity_lag1,0.004064618171560004
AdaBoost,relative_humidity_lag3,0.0
AdaBoost,relative_humidity_lag3,0.0
AdaBoost,relative_humidity_lag6,0.004710578404504194
AdaBoost,relative_humidity_lag6,0.00032947900334327106
AdaBoost,relative_humidity_lag24,0.00044364286415088464
AdaBoost,relative_humidity_lag24,0.0030236071937119772
AdaBoost,wind_speed_ms_lag1,0.0039705173619147
AdaBoost,wind_speed_ms_lag1,0.004787054124329472
AdaBoost,wind_speed_ms_lag3,0.00028051695227703785
AdaBoost,wind_speed_ms_lag3,0.00032570870485068484
AdaBoost,wind_speed_ms_lag6,0.0009575578356268751
AdaBoost,wind_speed_ms_lag6,0.003285309504604437
AdaBoost,wind_speed_ms_lag24,1.3469469625228403e-06
AdaBoost,wind_speed_ms_lag24,0.0
AdaBoost,wind_direction_deg_lag1,0.0
AdaBoost,wind_direction_deg_lag1,0.0010627678463708062
AdaBoost,wind_direction_deg_lag3,0.0053780117755841
AdaBoost,wind_direction_deg_lag3,0.00418800871862908
AdaBoost,wind_direction_deg_lag6,0.0034415491659128316
AdaBoost,wind_direction_deg_lag6,0.004605968559837039
AdaBoost,wind_direction_deg_lag24,0.003476919445473263
AdaBoost,wind_direction_deg_lag24,0.0033923942232911204
AdaBoost,pm25_ugm3_rollmean_3,0.0
AdaBoost,pm25_ugm3_rollmean_3,4.913338684377065e-07
AdaBoost,pm25_ugm3_rollmean_6,0.001613408713756415
AdaBoost,pm25_ugm3_rollmean_6,0.0
AdaBoost,pm25_ugm3_rollmean_24,0.0
AdaBoost,pm25_ugm3_rollmean_24,0.0
AdaBoost,co_ppm_rollmean_3,0.0
AdaBoost,co_ppm_rollmean_3,1.5215501635742468e-06
AdaBoost,co_ppm_rollmean_6,0.0
AdaBoost,co_ppm_rollmean_6,0.0
AdaBoost,co_ppm_rollmean_24,0.0
AdaBoost,co_ppm_rollmean_24,6.527300868171878e-07
AdaBoost,no2_ppb_rollmean_3,1.3624002013463772e-06
AdaBoost,no2_ppb_rollmean_3,0.0
AdaBoost,no2_ppb_rollmean_6,0.0
AdaBoost,no2_ppb_rollmean_6,0.0
AdaBoost,no2_ppb_rollmean_24,0.0
AdaBoost,no2_ppb_rollmean_24,0.0
AdaBoost,so2_ppb_rollmean_3,0.0017391308004908697
AdaBoost,so2_ppb_rollmean_3,0.0037701925481725424
AdaBoost,so2_ppb_rollmean_6,0.0
AdaBoost,so2_ppb_rollmean_6,0.0
AdaBoost,so2_ppb_rollmean_24,0.0
AdaBoost,so2_ppb_rollmean_24,0.003569586771341533
AdaBoost,o3_ppb_rollmean_3,0.0
AdaBoost,o3_ppb_rollmean_3,0.0
AdaBoost,o3_ppb_rollmean_6,0.0012025774935044856
AdaBoost,o3_ppb_rollmean_6,0.0
AdaBoost,o3_ppb_rollmean_24,0.003815594831830204
AdaBoost,o3_ppb_rollmean_24,0.007147781025727144
AdaBoost,temperature_c_x_relative_humidity,0.0
AdaBoost,temperature_c_x_relative_humidity,0.0023610776024201004
KNeighbors,latitude,0.008458573920689516
KNeighbors,longitude,0.0009114449236973021
KNeighbors,pm25_ugm3,0.1479001161159957
KNeighbors,co_ppm,0.001224975038652032
KNeighbors,no2_ppb,0.003655361170297122
KNeighbors,so2_ppb,0.0018191519413887191
KNeighbors,o3_ppb,0.003928926074725181
KNeighbors,temperature_c,-0.004139627561348591
KNeighbors,relative_humidity,0.0027719178614628915
KNeighbors,wind_speed_ms,-0.00028335570973846423
KNeighbors,wind_direction_deg,-0.0015975485233306718
KNeighbors,calibration_factor,-0.00222704563477828
KNeighbors,pm25_ugm3_lag1,0.001531873726789279
KNeighbors,pm25_ugm3_lag1,0.001531873726789279
KNeighbors,pm25_ugm3_lag3,0.006064482220421674
KNeighbors,pm25_ugm3_lag3,0.006064482220421674
KNeighbors,pm25_ugm3_lag6,0.0007610798820323228
KNeighbors,pm25_ugm3_lag6,0.0007610798820323228
KNeighbors,pm25_ugm3_lag24,0.0005148903695565866
KNeighbors,pm25_ugm3_lag24,0.0005148903695565866
KNeighbors,co_ppm_lag1,0.0003972461374117553
KNeighbors,co_ppm_lag1,0.0003972461374117553
KNeighbors,co_ppm_lag3,0.007372012693512686
KNeighbors,co_ppm_lag3,0.007372012693512686
KNeighbors,co_ppm_lag6,0.006640373237516417
KNeighbors,co_ppm_lag6,0.006640373237516417
KNeighbors,co_ppm_lag24,0.007502053312895429
KNeighbors,co_ppm_lag24,0.007502053312895429
KNeighbors,no2_ppb_lag1,0.007292426739222768
KNeighbors,no2_ppb_lag1,0.007292426739222768
KNeighbors,no2_ppb_lag3,0.00371029213681654
KNeighbors,no2_ppb_lag3,0.00371029213681654
KNeighbors,no2_ppb_lag6,0.0033233694033262483
KNeighbors,no2_ppb_lag6,0.0033233694033262483
KNeighbors,no2_ppb_lag24,-6.418299048197574e-05
KNeighbors,no2_ppb_lag24,-6.418299048197574e-05
KNeighbors,so2_ppb_lag1,0.0010517100232130595
KNeighbors,so2_ppb_lag1,0.0010517100232130595
KNeighbors,so2_ppb_lag3,0.006077171846032481
KNeighbors,so2_ppb_lag3,0.006077171846032481
KNeighbors,so2_ppb_lag6,0.0007464850902461628
KNeighbors,so2_ppb_lag6,0.0007464850902461628
KNeighbors,so2_ppb_lag24,0.003389211133760861
KNeighbors,so2_ppb_lag24,0.003389211133760861
KNeighbors,o3_ppb_lag1,0.001693026760882088
KNeighbors,o3_ppb_lag1,0.001693026760882088
KNeighbors,o3_ppb_lag3,0.005825454083630022
KNeighbors,o3_ppb_lag3,0.005825454083630022
KNeighbors,o3_ppb_lag6,0.0020340603387652423
KNeighbors,o3_ppb_lag6,0.0020340603387652423
KNeighbors,o3_ppb_lag24,0.0045246248139571895
KNeighbors,o3_ppb_lag24,0.0045246248139571895
KNeighbors,temperature_c_lag1,0.003113174017870102
KNeighbors,temperature_c_lag1,0.003113174017870102
KNeighbors,temperature_c_lag3,0.004246558877155493
KNeighbors,temperature_c_lag3,0.004246558877155493
KNeighbors,temperature_c_lag6,-0.0010620581580813137
KNeighbors,temperature_c_lag6,-0.0010620581580813137
KNeighbors,temperature_c_lag24,0.0018849230119744932
KNeighbors,temperature_c_lag24,0.0018849230119744932
KNeighbors,relative_humidity_lag1,-0.00023672727546238947
KNeighbors,relative_humidity_lag1,-0.00023672727546238947
KNeighbors,relative_humidity_lag3,0.0008858563426734744
KNeighbors,relative_humidity_lag3,0.0008858563426734744
KNeighbors,relative_humidity_lag6,0.008386133443617595
KNeighbors,relative_humidity_lag6,0.008386133443617595
KNeighbors,relative_humidity_lag24,0.0008527848836533014
KNeighbors,relative_humidity_lag24,0.0008527848836533014
KNeighbors,wind_speed_ms_lag1,0.005407810214342912
KNeighbors,wind_speed_ms_lag1,0.005407810214342912
KNeighbors,wind_speed_ms_lag3,0.0029941148222514145
KNeighbors,wind_speed_ms_lag3,0.0029941148222514145
KNeighbors,wind_speed_ms_lag6,0.003427202284759401
KNeighbors,wind_speed_ms_lag6,0.003427202284759401
KNeighbors,wind_speed_ms_lag24,0.005870734681288592
KNeighbors,wind_speed_ms_lag24,0.005870734681288592
KNeighbors,wind_direction_deg_lag1,0.0020057796174990706
KNeighbors,wind_direction_deg_lag1,0.0020057796174990706
KNeighbors,wind_direction_deg_lag3,-0.0005038930473262315
KNeighbors,wind_direction_deg_lag3,-0.0005038930473262315
KNeighbors,wind_direction_deg_lag6,-0.0036801124321114266
KNeighbors,wind_direction_deg_lag6,-0.0036801124321114266
KNeighbors,wind_direction_deg_lag24,0.00247128051918456
KNeighbors,wind_direction_deg_lag24,0.00247128051918456
KNeighbors,pm25_ugm3_rollmean_3,0.006420944376307825
KNeighbors,pm25_ugm3_rollmean_3,0.006420944376307825
KNeighbors,pm25_ugm3_rollmean_6,0.00421962952549908
KNeighbors,pm25_ugm3_rollmean_6,0.00421962952549908
KNeighbors,pm25_ugm3_rollmean_24,0.001726353478606446
KNeighbors,pm25_ugm3_rollmean_24,0.001726353478606446
KNeighbors,co_ppm_rollmean_3,0.006980294806027821
KNeighbors,co_ppm_rollmean_3,0.006980294806027821
KNeighbors,co_ppm_rollmean_6,0.0011768963109777153
KNeighbors,co_ppm_rollmean_6,0.0011768963109777153
KNeighbors,co_ppm_rollmean_24,0.0039794549326593095
KNeighbors,co_ppm_rollmean_24,0.0039794549326593095
KNeighbors,no2_ppb_rollmean_3,0.002736201074350286
KNeighbors,no2_ppb_rollmean_3,0.002736201074350286
KNeighbors,no2_ppb_rollmean_6,0.0022642029995602496
KNeighbors,no2_ppb_rollmean_6,0.0022642029995602496
KNeighbors,no2_ppb_rollmean_24,0.0018975631756910194
KNeighbors,no2_ppb_rollmean_24,0.0018975631756910194
KNeighbors,so2_ppb_rollmean_3,0.005556181765021417
KNeighbors,so2_ppb_rollmean_3,0.005556181765021417
KNeighbors,so2_ppb_rollmean_6,0.00682368520021801
KNeighbors,so2_ppb_rollmean_6,0.00682368520021801
KNeighbors,so2_ppb_rollmean_24,0.007121567691638231
KNeighbors,so2_ppb_rollmean_24,0.007121567691638231
KNeighbors,o3_ppb_rollmean_3,0.00662105836782505
KNeighbors,o3_ppb_rollmean_3,0.00662105836782505
KNeighbors,o3_ppb_rollmean_6,-0.0007085177869463277
KNeighbors,o3_ppb_rollmean_6,-0.0007085177869463277
KNeighbors,o3_ppb_rollmean_24,0.005463112145068938
KNeighbors,o3_ppb_rollmean_24,0.005463112145068938
KNeighbors,temperature_c_x_relative_humidity,-0.0010530896567621962
KNeighbors,temperature_c_x_relative_humidity,-0.0010530896567621962
KNeighbors,pm25_ugm3_lag1,0.001531873726789279
KNeighbors,pm25_ugm3_lag1,0.001531873726789279
KNeighbors,pm25_ugm3_lag3,0.006064482220421674
KNeighbors,pm25_ugm3_lag3,0.006064482220421674
KNeighbors,pm25_ugm3_lag6,0.0007610798820323228
KNeighbors,pm25_ugm3_lag6,0.0007610798820323228
KNeighbors,pm25_ugm3_lag24,0.0005148903695565866
KNeighbors,pm25_ugm3_lag24,0.0005148903695565866
KNeighbors,co_ppm_lag1,0.0003972461374117553
KNeighbors,co_ppm_lag1,0.0003972461374117553
KNeighbors,co_ppm_lag3,0.007372012693512686
KNeighbors,co_ppm_lag3,0.007372012693512686
KNeighbors,co_ppm_lag6,0.006640373237516417
KNeighbors,co_ppm_lag6,0.006640373237516417
KNeighbors,co_ppm_lag24,0.007502053312895429
KNeighbors,co_ppm_lag24,0.007502053312895429
KNeighbors,no2_ppb_lag1,0.007292426739222768
KNeighbors,no2_ppb_lag1,0.007292426739222768
KNeighbors,no2_ppb_lag3,0.00371029213681654
KNeighbors,no2_ppb_lag3,0.00371029213681654
KNeighbors,no2_ppb_lag6,0.0033233694033262483
KNeighbors,no2_ppb_lag6,0.0033233694033262483
KNeighbors,no2_ppb_lag24,-6.418299048197574e-05
KNeighbors,no2_ppb_lag24,-6.418299048197574e-05
KNeighbors,so2_ppb_lag1,0.0010517100232130595
KNeighbors,so2_ppb_lag1,0.0010517100232130595
KNeighbors,so2_ppb_lag3,0.006077171846032481
KNeighbors,so2_ppb_lag3,0.006077171846032481
KNeighbors,so2_ppb_lag6,0.0007464850902461628
KNeighbors,so2_ppb_lag6,0.0007464850902461628
KNeighbors,so2_ppb_lag24,0.003389211133760861
KNeighbors,so2_ppb_lag24,0.003389211133760861
KNeighbors,o3_ppb_lag1,0.001693026760882088
KNeighbors,o3_ppb_lag1,0.001693026760882088
KNeighbors,o3_ppb_lag3,0.005825454083630022
KNeighbors,o3_ppb_lag3,0.005825454083630022
KNeighbors,o3_ppb_lag6,0.0020340603387652423
KNeighbors,o3_ppb_lag6,0.0020340603387652423
KNeighbors,o3_ppb_lag24,0.0045246248139571895
KNeighbors,o3_ppb_lag24,0.0045246248139571895
KNeighbors,temperature_c_lag1,0.003113174017870102
KNeighbors,temperature_c_lag1,0.003113174017870102
KNeighbors,temperature_c_lag3,0.004246558877155493
KNeighbors,temperature_c_lag3,0.004246558877155493
KNeighbors,temperature_c_lag6,-0.0010620581580813137
KNeighbors,temperature_c_lag6,-0.0010620581580813137
KNeighbors,temperature_c_lag24,0.0018849230119744932
KNeighbors,temperature_c_lag24,0.0018849230119744932
KNeighbors,relative_humidity_lag1,-0.00023672727546238947
KNeighbors,relative_humidity_lag1,-0.00023672727546238947
KNeighbors,relative_humidity_lag3,0.0008858563426734744
KNeighbors,relative_humidity_lag3,0.0008858563426734744
KNeighbors,relative_humidity_lag6,0.008386133443617595
KNeighbors,relative_humidity_lag6,0.008386133443617595
KNeighbors,relative_humidity_lag24,0.0008527848836533014
KNeighbors,relative_humidity_lag24,0.0008527848836533014
KNeighbors,wind_speed_ms_lag1,0.005407810214342912
KNeighbors,wind_speed_ms_lag1,0.005407810214342912
KNeighbors,wind_speed_ms_lag3,0.0029941148222514145
KNeighbors,wind_speed_ms_lag3,0.0029941148222514145
KNeighbors,wind_speed_ms_lag6,0.003427202284759401
KNeighbors,wind_speed_ms_lag6,0.003427202284759401
KNeighbors,wind_speed_ms_lag24,0.005870734681288592
KNeighbors,wind_speed_ms_lag24,0.005870734681288592
KNeighbors,wind_direction_deg_lag1,0.0020057796174990706
KNeighbors,wind_direction_deg_lag1,0.0020057796174990706
KNeighbors,wind_direction_deg_lag3,-0.0005038930473262315
KNeighbors,wind_direction_deg_lag3,-0.0005038930473262315
KNeighbors,wind_direction_deg_lag6,-0.0036801124321114266
KNeighbors,wind_direction_deg_lag6,-0.0036801124321114266
KNeighbors,wind_direction_deg_lag24,0.00247128051918456
KNeighbors,wind_direction_deg_lag24,0.00247128051918456
KNeighbors,pm25_ugm3_rollmean_3,0.006420944376307825
KNeighbors,pm25_ugm3_rollmean_3,0.006420944376307825
KNeighbors,pm25_ugm3_rollmean_6,0.00421962952549908
KNeighbors,pm25_ugm3_rollmean_6,0.00421962952549908
KNeighbors,pm25_ugm3_rollmean_24,0.001726353478606446
KNeighbors,pm25_ugm3_rollmean_24,0.001726353478606446
KNeighbors,co_ppm_rollmean_3,0.006980294806027821
KNeighbors,co_ppm_rollmean_3,0.006980294806027821
KNeighbors,co_ppm_rollmean_6,0.0011768963109777153
KNeighbors,co_ppm_rollmean_6,0.0011768963109777153
KNeighbors,co_ppm_rollmean_24,0.0039794549326593095
KNeighbors,co_ppm_rollmean_24,0.0039794549326593095
KNeighbors,no2_ppb_rollmean_3,0.002736201074350286
KNeighbors,no2_ppb_rollmean_3,0.002736201074350286
KNeighbors,no2_ppb_rollmean_6,0.0022642029995602496
KNeighbors,no2_ppb_rollmean_6,0.0022642029995602496
KNeighbors,no2_ppb_rollmean_24,0.0018975631756910194
KNeighbors,no2_ppb_rollmean_24,0.0018975631756910194
KNeighbors,so2_ppb_rollmean_3,0.005556181765021417
KNeighbors,so2_ppb_rollmean_3,0.005556181765021417
KNeighbors,so2_ppb_rollmean_6,0.00682368520021801
KNeighbors,so2_ppb_rollmean_6,0.00682368520021801
KNeighbors,so2_ppb_rollmean_24,0.007121567691638231
KNeighbors,so2_ppb_rollmean_24,0.007121567691638231
KNeighbors,o3_ppb_rollmean_3,0.00662105836782505
KNeighbors,o3_ppb_rollmean_3,0.00662105836782505
KNeighbors,o3_ppb_rollmean_6,-0.0007085177869463277
KNeighbors,o3_ppb_rollmean_6,-0.0007085177869463277
KNeighbors,o3_ppb_rollmean_24,0.005463112145068938
KNeighbors,o3_ppb_rollmean_24,0.005463112145068938
KNeighbors,temperature_c_x_relative_humidity,-0.0010530896567621962
KNeighbors,temperature_c_x_relative_humidity,-0.0010530896567621962
MLP,latitude,-0.00032438682000754946
MLP,longitude,3.7868723841461004e-05
MLP,pm25_ugm3,1.9452109768724313
MLP,co_ppm,-0.00017038101801022387
MLP,no2_ppb,-8.77849154059307e-05
MLP,so2_ppb,0.0003787619169766443
MLP,o3_ppb,0.0003129137995063869
MLP,temperature_c,0.00040329560409211316
MLP,relative_humidity,-0.00015162665460471958
MLP,wind_speed_ms,-0.0004892829307182156
MLP,wind_direction_deg,8.944994460230449e-05
MLP,calibration_factor,-0.00020576092893747066
MLP,pm25_ugm3_lag1,0.0069640256324745246
MLP,pm25_ugm3_lag1,0.002110997477509824
MLP,pm25_ugm3_lag3,0.002126749719650156
MLP,pm25_ugm3_lag3,0.0056995757357434
MLP,pm25_ugm3_lag6,0.0015714979721040301
MLP,pm25_ugm3_lag6,0.001669282693548224
MLP,pm25_ugm3_lag24,0.0025684523579125873
MLP,pm25_ugm3_lag24,0.001874827106047594
MLP,co_ppm_lag1,0.0026934228642137127
MLP,co_ppm_lag1,0.005189328403199111
MLP,co_ppm_lag3,0.01260658522167809
MLP,co_ppm_lag3,0.003285814697252654
MLP,co_ppm_lag6,0.005062883443234823
MLP,co_ppm_lag6,0.0039156124770234665
MLP,co_ppm_lag24,0.003387658502717705
MLP,co_ppm_lag24,0.007128437168474111
MLP,no2_ppb_lag1,0.0013662022496128134
MLP,no2_ppb_lag1,0.003156330211683933
MLP,no2_ppb_lag3,0.0016251750687905741
MLP,no2_ppb_lag3,-0.0002461932658437527
MLP,no2_ppb_lag6,0.0028142877674113055
MLP,no2_ppb_lag6,-0.0002968066979242345
MLP,no2_ppb_lag24,0.004143904796223163
MLP,no2_ppb_lag24,0.00013168070950940746
MLP,so2_ppb_lag1,0.004527592795544511
MLP,so2_ppb_lag1,0.001572435275863715
MLP,so2_ppb_lag3,0.009492355420056475
MLP,so2_ppb_lag3,0.0029616465377461988
MLP,so2_ppb_lag6,0.0034893970909065874
MLP,so2_ppb_lag6,0.0016710119014099023
MLP,so2_ppb_lag24,0.002390438798583272
MLP,so2_ppb_lag24,0.0035560926271126616
MLP,o3_ppb_lag1,0.00032789062291461725
MLP,o3_ppb_lag1,0.0004005142023810304
MLP,o3_ppb_lag3,0.0007852977896464885
MLP,o3_ppb_lag3,0.0022732915903634467
MLP,o3_ppb_lag6,0.0013464696979989643
MLP,o3_ppb_lag6,0.0012388411790427156
MLP,o3_ppb_lag24,0.00517530278429158
MLP,o3_ppb_lag24,0.001088171326560916
MLP,temperature_c_lag1,0.002708031249817988
MLP,temperature_c_lag1,0.010068801962015473
MLP,temperature_c_lag3,0.00393651748576439
MLP,temperature_c_lag3,0.011622370601869537
MLP,temperature_c_lag6,0.003825004853358305
MLP,temperature_c_lag6,0.007467327008185254
MLP,temperature_c_lag24,0.005195847582136104
MLP,temperature_c_lag24,0.0021369769000681325
MLP,relative_humidity_lag1,0.009993482418742261
MLP,relative_humidity_lag1,0.0014750895596787994
MLP,relative_humidity_lag3,0.0037396041871240126
MLP,relative_humidity_lag3,0.0014650595209411588
MLP,relative_humidity_lag6,0.013909333209963104
MLP,relative_humidity_lag6,0.001786587215914448
MLP,relative_humidity_lag24,0.0038258398572457385
MLP,relative_humidity_lag24,0.004229373417139304
MLP,wind_speed_ms_lag1,0.0007523924521966041
MLP,wind_speed_ms_lag1,0.008658545745310197
MLP,wind_speed_ms_lag3,0.00141368379074569
MLP,wind_speed_ms_lag3,0.01781062092114315
MLP,wind_speed_ms_lag6,0.008676542873106074
MLP,wind_speed_ms_lag6,0.0019707411966483623
MLP,wind_speed_ms_lag24,0.012961952618778439
MLP,wind_speed_ms_lag24,0.0043388697011694675
MLP,wind_direction_deg_lag1,0.005755307274528454
MLP,wind_direction_deg_lag1,0.0013201844879335844
MLP,wind_direction_deg_lag3,0.0013468910382845923
MLP,wind_direction_deg_lag3,0.0002218088995935008
MLP,wind_direction_deg_lag6,0.014900462100666145
MLP,wind_direction_deg_lag6,0.0004819344441248652
MLP,wind_direction_deg_lag24,0.001794467737340888
MLP,wind_direction_deg_lag24,0.004740556070135249
MLP,pm25_ugm3_rollmean_3,0.0019925344904387133
MLP,pm25_ugm3_rollmean_3,0.00046681956942241644
MLP,pm25_ugm3_rollmean_6,0.001848552318014396
MLP,pm25_ugm3_rollmean_6,0.001506466921459404
MLP,pm25_ugm3_rollmean_24,0.0010702661000531854
MLP,pm25_ugm3_rollmean_24,0.0011919256881183337
MLP,co_ppm_rollmean_3,0.007210144724396472
MLP,co_ppm_rollmean_3,0.008335422284140814
MLP,co_ppm_rollmean_6,0.010862970993914155
MLP,co_ppm_rollmean_6,0.003634351975385186
MLP,co_ppm_rollmean_24,0.007234294763290216
MLP,co_ppm_rollmean_24,0.004169330442743868
MLP,no2_ppb_rollmean_3,0.0031013130056530614
MLP,no2_ppb_rollmean_3,0.004591055977228397
MLP,no2_ppb_rollmean_6,0.001990287805694757
MLP,no2_ppb_rollmean_6,0.0026680166045041087
MLP,no2_ppb_rollmean_24,0.0022156776379690713
MLP,no2_ppb_rollmean_24,0.0018527437247266465
MLP,so2_ppb_rollmean_3,0.005064426712787539
MLP,so2_ppb_rollmean_3,0.006358569640550704
MLP,so2_ppb_rollmean_6,0.0015022701710051378
MLP,so2_ppb_rollmean_6,0.012580934420557655
MLP,so2_ppb_rollmean_24,0.008393639324959356
MLP,so2_ppb_rollmean_24,0.006284700599108195
MLP,o3_ppb_rollmean_3,0.004432527765691063
MLP,o3_ppb_rollmean_3,0.000739474392746442
MLP,o3_ppb_rollmean_6,0.008086647016559756
MLP,o3_ppb_rollmean_6,0.0026216319613662554
MLP,o3_ppb_rollmean_24,0.003795262623682161
MLP,o3_ppb_rollmean_24,0.0016527619591191311
MLP,temperature_c_x_relative_humidity,0.002262781336142117
MLP,temperature_c_x_relative_humidity,0.009983163233497017
MLP,pm25_ugm3_lag1,0.0032340814720737353
MLP,pm25_ugm3_lag1,0.008011882837130757
MLP,pm25_ugm3_lag3,0.0031810242870521366
MLP,pm25_ugm3_lag3,0.0012536462587289798
MLP,pm25_ugm3_lag6,0.0018748636738145752
MLP,pm25_ugm3_lag6,0.0009543400129820023
MLP,pm25_ugm3_lag24,0.004800879549743331
MLP,pm25_ugm3_lag24,0.005551635953229006
MLP,co_ppm_lag1,0.010801911899879857
MLP,co_ppm_lag1,0.004212788229761044
MLP,co_ppm_lag3,0.01400069268380023
MLP,co_ppm_lag3,0.010889855354876622
MLP,co_ppm_lag6,0.000989798738878367
MLP,co_ppm_lag6,0.010545877963405592
MLP,co_ppm_lag24,0.007635013857165784
MLP,co_ppm_lag24,0.0016629924023534803
MLP,no2_ppb_lag1,0.0022580558005335094
MLP,no2_ppb_lag1,0.001835082988839365
MLP,no2_ppb_lag3,0.0005232390605119042
MLP,no2_ppb_lag3,8.604853949569779e-05
MLP,no2_ppb_lag6,0.000301825223085872
MLP,no2_ppb_lag6,0.002080362740400632
MLP,no2_ppb_lag24,0.0006563756475459259
MLP,no2_ppb_lag24,0.0022846301790820146
MLP,so2_ppb_lag1,0.0010612516956538753
MLP,so2_ppb_lag1,0.007695121977785524
MLP,so2_ppb_lag3,0.009451625593904268
MLP,so2_ppb_lag3,0.002437883075887015
MLP,so2_ppb_lag6,0.0014498564195333352
MLP,so2_ppb_lag6,0.004096897396699095
MLP,so2_ppb_lag24,0.0024355360464199394
MLP,so2_ppb_lag24,0.004726319072804341
MLP,o3_ppb_lag1,0.001367162700040081
MLP,o3_ppb_lag1,0.002951129954649856
MLP,o3_ppb_lag3,0.003223700190135814
MLP,o3_ppb_lag3,0.0013189018944111841
MLP,o3_ppb_lag6,0.0014939437190388816
MLP,o3_ppb_lag6,0.0009032994585821741
MLP,o3_ppb_lag24,0.0006255070937677077
MLP,o3_ppb_lag24,0.003250666519343548
MLP,temperature_c_lag1,0.002025620128976069
MLP,temperature_c_lag1,0.014285374058641076
MLP,temperature_c_lag3,0.008714956259666395
MLP,temperature_c_lag3,0.00683655423957088
MLP,temperature_c_lag6,0.0045960149448557195
MLP,temperature_c_lag6,0.0005554857508029753
MLP,temperature_c_lag24,0.004382837947270579
MLP,temperature_c_lag24,0.0016759964567903407
MLP,relative_humidity_lag1,0.0047376973026093784
MLP,relative_humidity_lag1,0.008858014550229443
MLP,relative_humidity_lag3,0.002618116531709813
MLP,relative_humidity_lag3,0.0057128022520200215
MLP,relative_humidity_lag6,0.004233292739968653
MLP,relative_humidity_lag6,0.02235433316701768
MLP,relative_humidity_lag24,0.0010863522397517977
MLP,relative_humidity_lag24,0.0003056068516575361
MLP,wind_speed_ms_lag1,0.012079013648330073
MLP,wind_speed_ms_lag1,0.0033335347344331744
MLP,wind_speed_ms_lag3,0.004782524699998336
MLP,wind_speed_ms_lag3,0.002621830718173268
MLP,wind_speed_ms_lag6,0.002309140057250347
MLP,wind_speed_ms_lag6,0.005953258030946007
MLP,wind_speed_ms_lag24,0.0012303609986481611
MLP,wind_speed_ms_lag24,0.0027118824732986213
MLP,wind_direction_deg_lag1,0.010825642658444623
MLP,wind_direction_deg_lag1,0.0006371984058846758
MLP,wind_direction_deg_lag3,0.02423421242204258
MLP,wind_direction_deg_lag3,0.01871111185779195
MLP,wind_direction_deg_lag6,0.006290846355536705
MLP,wind_direction_deg_lag6,0.00037290809838045333
MLP,wind_direction_deg_lag24,0.0017333737092659284
MLP,wind_direction_deg_lag24,0.003252879912085516
MLP,pm25_ugm3_rollmean_3,0.003028169232233513
MLP,pm25_ugm3_rollmean_3,0.000999885835904113
MLP,pm25_ugm3_rollmean_6,0.0036068693135945405
MLP,pm25_ugm3_rollmean_6,0.0009045171391100393
MLP,pm25_ugm3_rollmean_24,0.0010726050517414043
MLP,pm25_ugm3_rollmean_24,0.002241326859416004
MLP,co_ppm_rollmean_3,0.0038107467093966285
MLP,co_ppm_rollmean_3,0.010564000538859086
MLP,co_ppm_rollmean_6,0.0020266123594103623
MLP,co_ppm_rollmean_6,0.010856625897690297
MLP,co_ppm_rollmean_24,0.0019835629096624174
MLP,co_ppm_rollmean_24,0.002000130309031545
MLP,no2_ppb_rollmean_3,0.005597544843948687
MLP,no2_ppb_rollmean_3,0.0016855339170314897
MLP,no2_ppb_rollmean_6,0.0011563885345439728
MLP,no2_ppb_rollmean_6,0.0016167638945014163
MLP,no2_ppb_rollmean_24,0.0001806155780313179
MLP,no2_ppb_rollmean_24,0.0015984827997748362
MLP,so2_ppb_rollmean_3,0.009854647720585996
MLP,so2_ppb_rollmean_3,0.0012175290313306331
MLP,so2_ppb_rollmean_6,0.0027961158384858355
MLP,so2_ppb_rollmean_6,0.004332343831105656
MLP,so2_ppb_rollmean_24,0.002348567839579441
MLP,so2_ppb_rollmean_24,0.01402449724292355
MLP,o3_ppb_rollmean_3,0.002302233921637731
MLP,o3_ppb_rollmean_3,0.0009750912223528974
MLP,o3_ppb_rollmean_6,0.0009745140922504669
MLP,o3_ppb_rollmean_6,0.00013940767905225028
MLP,o3_ppb_rollmean_24,0.0008301814033670474
MLP,o3_ppb_rollmean_24,0.000965069024463916
MLP,temperature_c_x_relative_humidity,0.0011371592981915147
MLP,temperature_c_x_relative_humidity,0.007511311365156248
